t,l,S,P_l
0.0,0.05,1.0,0.0
0.002004008016032064,0.05497748874437219,0.9660537804641178,0.0
0.004008016032064128,0.05995497748874437,0.7702133685610881,0.0
0.006012024048096192,0.06493246623311656,0.4345858566401233,0.0
0.008016032064128256,0.06990995497748874,0.1541760722083819,0.0
0.01002004008016032,0.07488744372186093,0.031464691289728376,0.0
0.012024048096192385,0.07986493246623312,0.003463090428779476,0.0
0.014028056112224449,0.0848424212106053,0.0001966370047065356,0.0
0.01603206412825651,0.08981990995497749,5.602738203810814e-6,0.0
0.018036072144288578,0.09479739869934968,7.900120602014955e-8,0.0
0.02004008016032064,0.09977488744372186,5.499011683837908e-10,0.0
0.022044088176352707,0.10475237618809405,1.9026849715452024e-12,0.0
0.02404809619238477,0.10972986493246624,3.321033406213778e-15,0.0
0.026052104208416832,0.11470735367683842,2.986594307594196e-18,0.0
0.028056112224448898,0.11968484242121061,1.4207631996600368e-21,0.0
0.03006012024048096,0.12466233116558278,3.68634452855925e-25,0.0
0.03206412825651302,0.129639819909955,5.396977708813847e-29,0.0
0.03406813627254509,0.13461730865432717,4.624593183602271e-33,0.0
0.036072144288577156,0.13959479739869934,2.4104326497388985e-37,0.0
0.03807615230460922,0.14457228614307155,7.952865266159698e-42,0.0
0.04008016032064128,0.14954977488744373,1.7298402099395817e-46,0.0
0.04208416833667335,0.1545272636318159,2.584088020284695e-51,0.0
0.04408817635270541,0.15950475237618808,2.761284883951989e-56,0.0
0.04609218436873747,0.16448224112056029,2.1970406276616887e-61,0.0
0.04809619238476954,0.16945972986493246,1.353573461767347e-66,0.0
0.050100200400801605,0.17443721860930464,6.706035114832853e-72,0.0
0.052104208416833664,0.17941470735367684,2.770247820285408e-77,0.0
0.05410821643286573,0.18439219609804902,9.875750415361947e-83,0.0
0.056112224448897796,0.1893696848424212,3.1381119498877087e-88,0.0
0.05811623246492986,0.1943471735867934,9.1604708567806e-94,0.0
0.06012024048096192,0.19932466233116558,2.5260183561963477e-99,0.0
0.06212424849699399,0.20430215107553776,6.750475445210231e-105,0.0
0.06412825651302605,0.20927963981990996,1.7894023486935958e-110,0.0
0.06613226452905811,0.21425712856428214,4.8045446283329795e-116,0.0
0.06813627254509018,0.21923461730865432,1.331328889585336e-121,0.0
0.07014028056112225,0.22421210605302652,3.870670274806939e-127,0.0
0.07214428857715431,0.2291895947973987,1.1979544427806725e-132,0.0
0.07414829659318638,0.23416708354177088,3.9966257502606866e-138,0.0
0.07615230460921844,0.23914457228614308,1.4528132807587744e-143,0.0
0.0781563126252505,0.24412206103051526,5.806745051717067e-149,0.0
0.08016032064128256,0.24909954977488744,2.5712689731974654e-154,0.0
0.08216432865731463,0.2540770385192596,1.2692372599420435e-159,0.0
0.0841683366733467,0.2590545272636318,7.0189394631260185e-165,0.0
0.08617234468937876,0.264032016008004,4.365243899493589e-170,0.0
0.08817635270541083,0.26900950475237617,3.0620050845017185e-175,0.0
0.09018036072144289,0.2739869934967484,2.427416005317832e-180,0.0
0.09218436873747494,0.2789644822411206,2.1776095101045317e-185,0.0
0.09418837675350701,0.28394197098549273,2.2120222229040617e-190,0.0
0.09619238476953908,0.28891945972986494,2.544532806572309e-195,0.0
0.09819639278557114,0.29389694847423714,3.313339899782167e-200,0.0
0.10020040080160321,0.2988744372186093,4.880006287387325e-205,0.0
0.10220440881763528,0.3038519259629815,8.120513865924406e-210,0.0
0.10420841683366733,0.3088294147073537,1.5245720168080304e-214,0.0
0.1062124248496994,0.31380690345172585,3.224100337822043e-219,0.0
0.10821643286573146,0.31878439219609805,7.666228435947066e-224,0.0
0.11022044088176353,0.32376188094047026,2.0456073359555098e-228,0.0
0.11222444889779559,0.3287393696848424,6.112762662678025e-233,0.0
0.11422845691382766,0.3337168584292146,2.0412684516527584e-237,0.0
0.11623246492985972,0.3386943471735868,7.60078390761448e-242,0.0
0.11823647294589178,0.34367183591795897,3.148802674050778e-246,0.0
0.12024048096192384,0.3486493246623312,1.4480608932779605e-250,0.0
0.12224448897795591,0.3536268134067034,7.37576088235974e-255,0.0
0.12424849699398798,0.3586043021510755,4.151775479888664e-259,0.0
0.12625250501002003,0.36358179089544773,2.5769429485395793e-263,0.0
0.1282565130260521,0.36855927963981994,1.7598214597640753e-267,0.0
0.13026052104208416,0.3735367683841921,1.3194385646526412e-271,0.0
0.13226452905811623,0.3785142571285643,1.0837962233408257e-275,0.0
0.1342685370741483,0.3834917458729365,9.7329422812647e-280,0.0
0.13627254509018036,0.38846923461730865,9.536724756243236e-284,0.0
0.13827655310621242,0.39344672336168085,1.0175478025482388e-287,0.0
0.1402805611222445,0.398424212106053,1.1799803602013926e-291,0.0
0.14228456913827656,0.4034017008504252,1.4843813166848014e-295,0.0
0.14428857715430862,0.4083791895947974,2.0219756406366088e-299,0.0
0.1462925851703407,0.41335667833916956,2.977129693592355e-303,0.0
0.14829659318637275,0.41833416708354176,4.7300439050919486e-307,0.0
0.15030060120240482,0.42331165582791397,8.0957043957085e-311,0.0
0.1523046092184369,0.4282891445722861,1.4902686777e-314,0.0
0.15430861723446893,0.4332666333166583,2.94588e-318,0.0
0.156312625250501,0.4382441220610305,6.23e-322,0.0
0.15831663326653306,0.4432216108054027,0.0,0.0
0.16032064128256512,0.4481990995497749,0.0,0.0
0.1623246492985972,0.4531765882941471,0.0,0.0
0.16432865731462926,0.45815407703851924,0.0,0.0
0.16633266533066132,0.46313156578289144,0.0,0.0
0.1683366733466934,0.46810905452726365,0.0,0.0
0.17034068136272545,0.4730865432716358,0.0,0.0
0.17234468937875752,0.478064032016008,0.0,0.0
0.1743486973947896,0.4830415207603802,0.0,0.0
0.17635270541082165,0.48801900950475235,0.0,0.0
0.17835671342685372,0.49299649824912456,0.0,0.0
0.18036072144288579,0.49797398699349676,0.0,0.0
0.18236472945891782,0.5029514757378689,0.0,0.0
0.1843687374749499,0.5079289644822411,0.0,0.0
0.18637274549098196,0.5129064532266133,0.0,0.0
0.18837675350701402,0.5178839419709855,0.0,0.0
0.1903807615230461,0.5228614307153577,0.0,0.0
0.19238476953907815,0.5278389194597298,0.0,0.0
0.19438877755511022,0.532816408204102,0.0,0.0
0.1963927855711423,0.5377938969484742,0.0,0.0
0.19839679358717435,0.5427713856928464,0.0,0.0
0.20040080160320642,0.5477488744372186,0.0,0.0
0.20240480961923848,0.5527263631815907,0.0,0.0
0.20440881763527055,0.557703851925963,0.0,0.0
0.20641282565130262,0.5626813406703352,0.0,0.0
0.20841683366733466,0.5676588294147074,0.0,0.0
0.21042084168336672,0.5726363181590796,0.0,0.0
0.2124248496993988,0.5776138069034518,0.0,0.0
0.21442885771543085,0.5825912956478239,0.0,0.0
0.21643286573146292,0.5875687843921961,0.0,0.0
0.218436873747495,0.5925462731365683,0.0,0.0
0.22044088176352705,0.5975237618809405,0.0,0.0
0.22244488977955912,0.6025012506253127,0.0,0.0
0.22444889779559118,0.6074787393696849,0.0,0.0
0.22645290581162325,0.612456228114057,0.0,0.0
0.22845691382765532,0.6174337168584292,0.0,0.0
0.23046092184368738,0.6224112056028014,0.0,0.0
0.23246492985971945,0.6273886943471736,0.0,0.0
0.23446893787575152,0.6323661830915458,0.0,0.0
0.23647294589178355,0.637343671835918,0.0,0.0
0.23847695390781562,0.6423211605802901,0.0,0.0
0.24048096192384769,0.6472986493246623,0.0,0.0
0.24248496993987975,0.6522761380690345,0.0,0.0
0.24448897795591182,0.6572536268134067,0.0,0.0
0.24649298597194388,0.6622311155577789,0.0,0.0
0.24849699398797595,0.6672086043021511,0.0,0.0
0.250501002004008,0.6721860930465232,0.0,0.0
0.25250501002004005,0.6771635817908954,0.0,0.0
0.2545090180360721,0.6821410705352676,0.0,0.0
0.2565130260521042,0.6871185592796398,0.0,0.0
0.25851703406813625,0.692096048024012,0.0,0.0
0.2605210420841683,0.6970735367683842,0.0,0.0
0.2625250501002004,0.7020510255127563,0.0,0.0
0.26452905811623245,0.7070285142571285,0.0,0.0
0.2665330661322645,0.7120060030015007,0.0,0.0
0.2685370741482966,0.716983491745873,0.0,0.0
0.27054108216432865,0.7219609804902452,0.0,0.0
0.2725450901803607,0.7269384692346174,0.0,0.0
0.2745490981963928,0.7319159579789895,0.0,0.0
0.27655310621242485,0.7368934467233617,0.0,0.0
0.2785571142284569,0.7418709354677339,0.0,0.0
0.280561122244489,0.7468484242121061,0.0,0.0
0.28256513026052105,0.7518259129564783,0.0,0.0
0.2845691382765531,0.7568034017008505,0.0,0.0
0.2865731462925852,0.7617808904452226,0.0,0.0
0.28857715430861725,0.7667583791895948,0.0,0.0
0.2905811623246493,0.771735867933967,0.0,0.0
0.2925851703406814,0.7767133566783392,0.0,0.0
0.29458917835671344,0.7816908454227114,0.0,0.0
0.2965931863727455,0.7866683341670836,0.0,0.0
0.2985971943887776,0.7916458229114557,0.0,0.0
0.30060120240480964,0.7966233116558279,0.0,0.0
0.3026052104208417,0.8016008004002001,0.0,0.0
0.3046092184368738,0.8065782891445723,0.0,0.0
0.3066132264529058,0.8115557778889445,0.0,0.0
0.30861723446893785,0.8165332666333167,0.0,0.0
0.3106212424849699,0.8215107553776888,0.0,0.0
0.312625250501002,0.826488244122061,0.0,0.0
0.31462925851703405,0.8314657328664332,0.0,0.0
0.3166332665330661,0.8364432216108054,0.0,0.0
0.3186372745490982,0.8414207103551776,0.0,0.0
0.32064128256513025,0.8463981990995497,0.0,0.0
0.3226452905811623,0.8513756878439219,0.0,0.0
0.3246492985971944,0.8563531765882941,0.0,0.0
0.32665330661322645,0.8613306653326663,0.0,0.0
0.3286573146292585,0.8663081540770385,0.0,0.0
0.3306613226452906,0.8712856428214107,0.0,0.0
0.33266533066132264,0.8762631315657828,0.0,0.0
0.3346693386773547,0.881240620310155,0.0,0.0
0.3366733466933868,0.8862181090545272,0.0,0.0
0.33867735470941884,0.8911955977988995,0.0,0.0
0.3406813627254509,0.8961730865432717,0.0,0.0
0.342685370741483,0.9011505752876439,0.0,0.0
0.34468937875751504,0.906128064032016,0.0,0.0
0.3466933867735471,0.9111055527763882,0.0,0.0
0.3486973947895792,0.9160830415207604,0.0,0.0
0.35070140280561124,0.9210605302651326,0.0,0.0
0.3527054108216433,0.9260380190095048,0.0,0.0
0.35470941883767537,0.931015507753877,0.0,0.0
0.35671342685370744,0.9359929964982491,0.0,0.0
0.3587174348697395,0.9409704852426213,0.0,0.0
0.36072144288577157,0.9459479739869935,0.0,0.0
0.3627254509018036,0.9509254627313657,0.0,0.0
0.36472945891783565,0.9559029514757379,0.0,0.0
0.3667334669338677,0.9608804402201101,0.0,0.0
0.3687374749498998,0.9658579289644822,0.0,0.0
0.37074148296593185,0.9708354177088544,0.0,0.0
0.3727454909819639,0.9758129064532266,0.0,0.0
0.374749498997996,0.9807903951975988,0.0,0.0
0.37675350701402804,0.985767883941971,0.0,0.0
0.3787575150300601,0.9907453726863432,0.0,0.0
0.3807615230460922,0.9957228614307153,0.0,0.0
0.38276553106212424,1.0007003501750875,0.0,0.0
0.3847695390781563,1.0056778389194598,0.0,0.0
0.3867735470941884,1.010655327663832,0.0,0.0
0.38877755511022044,1.015632816408204,0.0,0.0
0.3907815631262525,1.0206103051525763,0.0,0.0
0.3927855711422846,1.0255877938969484,0.0,0.0
0.39478957915831664,1.0305652826413207,0.0,0.0
0.3967935871743487,1.0355427713856928,0.0,0.0
0.39879759519038077,1.040520260130065,0.0,0.0
0.40080160320641284,1.0454977488744372,0.0,0.0
0.4028056112224449,1.0504752376188093,0.0,0.0
0.40480961923847697,1.0554527263631817,0.0,0.0
0.40681362725450904,1.0604302151075538,0.0,0.0
0.4088176352705411,1.065407703851926,0.0,0.0
0.41082164328657317,1.0703851925962982,0.0,0.0
0.41282565130260523,1.0753626813406703,0.0,0.0
0.4148296593186373,1.0803401700850426,0.0,0.0
0.4168336673346693,1.0853176588294147,0.0,0.0
0.4188376753507014,1.090295147573787,0.0,0.0
0.42084168336673344,1.095272636318159,0.0,0.0
0.4228456913827655,1.1002501250625312,0.0,0.0
0.4248496993987976,1.1052276138069035,0.0,0.0
0.42685370741482964,1.1102051025512756,0.0,0.0
0.4288577154308617,1.115182591295648,0.0,0.0
0.4308617234468938,1.12016008004002,0.0,0.0
0.43286573146292584,1.1251375687843923,0.0,0.0
0.4348697394789579,1.1301150575287644,0.0,0.0
0.43687374749499,1.1350925462731365,0.0,0.0
0.43887775551102204,1.1400700350175088,0.0,0.0
0.4408817635270541,1.145047523761881,0.0,0.0
0.44288577154308617,1.1500250125062532,0.0,0.0
0.44488977955911824,1.1550025012506253,0.0,0.0
0.4468937875751503,1.1599799899949974,0.0,0.0
0.44889779559118237,1.1649574787393697,0.0,0.0
0.45090180360721444,1.1699349674837418,0.0,0.0
0.4529058116232465,1.1749124562281141,0.0,0.0
0.45490981963927857,1.1798899449724862,0.0,0.0
0.45691382765531063,1.1848674337168583,0.0,0.0
0.4589178356713427,1.1898449224612306,0.0,0.0
0.46092184368737477,1.1948224112056027,0.0,0.0
0.46292585170340683,1.199799899949975,0.0,0.0
0.4649298597194389,1.2047773886943471,0.0,0.0
0.46693386773547096,1.2097548774387195,0.0,0.0
0.46893787575150303,1.2147323661830915,0.0,0.0
0.4709418837675351,1.2197098549274636,0.0,0.0
0.4729458917835671,1.224687343671836,0.0,0.0
0.4749498997995992,1.229664832416208,0.0,0.0
0.47695390781563124,1.2346423211605804,0.0,0.0
0.4789579158316633,1.2396198099049525,0.0,0.0
0.48096192384769537,1.2445972986493246,0.0,0.0
0.48296593186372744,1.2495747873936969,0.0,0.0
0.4849699398797595,1.254552276138069,0.0,0.0
0.48697394789579157,1.2595297648824413,0.0,0.0
0.48897795591182364,1.2645072536268134,0.0,0.0
0.4909819639278557,1.2694847423711857,0.0,0.0
0.49298597194388777,1.2744622311155578,0.0,0.0
0.49498997995991983,1.2794397198599299,0.0,0.0
0.4969939879759519,1.2844172086043022,0.0,0.0
0.49899799599198397,1.2893946973486743,0.0,0.0
0.501002004008016,1.2943721860930466,0.0,0.0
0.503006012024048,1.2993496748374187,0.0,0.0
0.5050100200400801,1.3043271635817908,0.0,0.0
0.5070140280561122,1.309304652326163,0.0,0.0
0.5090180360721442,1.3142821410705352,0.0,0.0
0.5110220440881763,1.3192596298149075,0.0,0.0
0.5130260521042084,1.3242371185592796,0.0,0.0
0.5150300601202404,1.329214607303652,0.0,0.0
0.5170340681362725,1.334192096048024,0.0,0.0
0.5190380761523046,1.3391695847923961,0.0,0.0
0.5210420841683366,1.3441470735367684,0.0,0.0
0.5230460921843687,1.3491245622811405,0.0,0.0
0.5250501002004008,1.3541020510255128,0.0,0.0
0.5270541082164328,1.359079539769885,0.0,0.0
0.5290581162324649,1.364057028514257,0.0,0.0
0.531062124248497,1.3690345172586293,0.0,0.0
0.533066132264529,1.3740120060030014,0.0,0.0
0.5350701402805611,1.3789894947473738,0.0,0.0
0.5370741482965932,1.3839669834917459,0.0,0.0
0.5390781563126252,1.3889444722361182,0.0,0.0
0.5410821643286573,1.3939219609804903,0.0,0.0
0.5430861723446894,1.3988994497248624,0.0,0.0
0.5450901803607214,1.4038769384692347,0.0,0.0
0.5470941883767535,1.4088544272136068,0.0,0.0
0.5490981963927856,1.413831915957979,0.0,0.0
0.5511022044088176,1.4188094047023512,0.0,0.0
0.5531062124248497,1.4237868934467233,0.0,0.0
0.5551102204408818,1.4287643821910956,0.0,0.0
0.5571142284569138,1.4337418709354677,0.0,0.0
0.5591182364729459,1.43871935967984,0.0,0.0
0.561122244488978,1.443696848424212,0.0,0.0
0.56312625250501,1.4486743371685844,0.0,0.0
0.5651302605210421,1.4536518259129565,0.0,0.0
0.5671342685370742,1.4586293146573286,0.0,0.0
0.5691382765531062,1.463606803401701,0.0,0.0
0.5711422845691383,1.468584292146073,0.0,0.0
0.5731462925851704,1.4735617808904453,0.0,0.0
0.5751503006012024,1.4785392696348174,0.0,0.0
0.5771543086172345,1.4835167583791895,0.0,0.0
0.5791583166332666,1.4884942471235618,0.0,0.0
0.5811623246492986,1.493471735867934,0.0,0.0
0.5831663326653307,1.4984492246123062,0.0,0.0
0.5851703406813628,1.5034267133566783,0.0,0.0
0.5871743486973948,1.5084042021010504,0.0,0.0
0.5891783567134269,1.5133816908454227,0.0,0.0
0.591182364729459,1.5183591795897948,0.0,0.0
0.593186372745491,1.5233366683341671,0.0,0.0
0.5951903807615231,1.5283141570785392,0.0,0.0
0.5971943887775552,1.5332916458229116,0.0,0.0
0.5991983967935872,1.5382691345672836,0.0,0.0
0.6012024048096193,1.5432466233116557,0.0,0.0
0.6032064128256514,1.548224112056028,0.0,0.0
0.6052104208416834,1.5532016008004002,0.0,0.0
0.6072144288577155,1.5581790895447725,0.0,0.0
0.6092184368737475,1.5631565782891446,0.0,0.0
0.6112224448897795,1.5681340670335167,0.0,0.0
0.6132264529058116,1.573111555777889,0.0,0.0
0.6152304609218436,1.578089044522261,0.0,0.0
0.6172344689378757,1.5830665332666334,0.0,0.0
0.6192384769539078,1.5880440220110055,0.0,0.0
0.6212424849699398,1.5930215107553778,0.0,0.0
0.6232464929859719,1.5979989994997499,0.0,0.0
0.625250501002004,1.602976488244122,0.0,0.0
0.627254509018036,1.6079539769884943,0.0,0.0
0.6292585170340681,1.6129314657328664,0.0,0.0
0.6312625250501002,1.6179089544772387,0.0,0.0
0.6332665330661322,1.6228864432216108,0.0,0.0
0.6352705410821643,1.627863931965983,0.0,0.0
0.6372745490981964,1.6328414207103552,0.0,0.0
0.6392785571142284,1.6378189094547273,0.0,0.0
0.6412825651302605,1.6427963981990996,0.0,0.0
0.6432865731462926,1.6477738869434717,0.0,0.0
0.6452905811623246,1.652751375687844,0.0,0.0
0.6472945891783567,1.6577288644322161,0.0,0.0
0.6492985971943888,1.6627063531765882,0.0,0.0
0.6513026052104208,1.6676838419209605,0.0,0.0
0.6533066132264529,1.6726613306653326,0.0,0.0
0.655310621242485,1.677638819409705,0.0,0.0
0.657314629258517,1.682616308154077,0.0,0.0
0.6593186372745491,1.6875937968984491,0.0,0.0
0.6613226452905812,1.6925712856428214,0.0,0.0
0.6633266533066132,1.6975487743871935,0.0,0.0
0.6653306613226453,1.7025262631315659,0.0,0.0
0.6673346693386774,1.707503751875938,0.0,0.0
0.6693386773547094,1.7124812406203103,0.0,0.0
0.6713426853707415,1.7174587293646824,0.0,0.0
0.6733466933867736,1.7224362181090545,0.0,0.0
0.6753507014028056,1.7274137068534268,0.0,0.0
0.6773547094188377,1.7323911955977989,0.0,0.0
0.6793587174348698,1.7373686843421712,0.0,0.0
0.6813627254509018,1.7423461730865433,0.0,0.0
0.6833667334669339,1.7473236618309154,0.0,0.0
0.685370741482966,1.7523011505752877,0.0,0.0
0.687374749498998,1.7572786393196598,0.0,0.0
0.6893787575150301,1.762256128064032,0.0,0.0
0.6913827655310621,1.7672336168084042,0.0,0.0
0.6933867735470942,1.7722111055527763,0.0,0.0
0.6953907815631263,1.7771885942971486,0.0,0.0
0.6973947895791583,1.7821660830415207,0.0,0.0
0.6993987975951904,1.787143571785893,0.0,0.0
0.7014028056112225,1.792121060530265,0.0,0.0
0.7034068136272545,1.7970985492746374,0.0,0.0
0.7054108216432866,1.8020760380190095,0.0,0.0
0.7074148296593187,1.8070535267633816,0.0,0.0
0.7094188376753507,1.812031015507754,0.0,0.0
0.7114228456913828,1.817008504252126,0.0,0.0
0.7134268537074149,1.8219859929964983,0.0,0.0
0.7154308617234469,1.8269634817408704,0.0,0.0
0.717434869739479,1.8319409704852425,0.0,0.0
0.7194388777555111,1.8369184592296148,0.0,0.0
0.7214428857715431,1.841895947973987,0.0,0.0
0.7234468937875751,1.8468734367183592,0.0,0.0
0.7254509018036072,1.8518509254627313,0.0,0.0
0.7274549098196392,1.8568284142071037,0.0,0.0
0.7294589178356713,1.8618059029514757,0.0,0.0
0.7314629258517034,1.8667833916958478,0.0,0.0
0.7334669338677354,1.8717608804402202,0.0,0.0
0.7354709418837675,1.8767383691845922,0.0,0.0
0.7374749498997996,1.8817158579289646,0.0,0.0
0.7394789579158316,1.8866933466733367,0.0,0.0
0.7414829659318637,1.8916708354177088,0.0,0.0
0.7434869739478958,1.896648324162081,0.0,0.0
0.7454909819639278,1.9016258129064532,0.0,0.0
0.7474949899799599,1.9066033016508255,0.0,0.0
0.749498997995992,1.9115807903951976,0.0,0.0
0.751503006012024,1.9165582791395699,0.0,0.0
0.7535070140280561,1.921535767883942,0.0,0.0
0.7555110220440882,1.926513256628314,0.0,0.0
0.7575150300601202,1.9314907453726864,0.0,0.0
0.7595190380761523,1.9364682341170585,0.0,0.0
0.7615230460921844,1.9414457228614308,0.0,0.0
0.7635270541082164,1.946423211605803,0.0,0.0
0.7655310621242485,1.951400700350175,0.0,0.0
0.7675350701402806,1.9563781890945473,0.0,0.0
0.7695390781563126,1.9613556778389194,0.0,0.0
0.7715430861723447,1.9663331665832917,0.0,0.0
0.7735470941883767,1.9713106553276638,0.0,0.0
0.7755511022044088,1.9762881440720361,0.0,0.0
0.7775551102204409,1.9812656328164082,0.0,0.0
0.779559118236473,1.9862431215607803,0.0,0.0
0.781563126252505,1.9912206103051526,0.0,0.0
0.7835671342685371,1.9961980990495247,0.0,0.0
0.7855711422845691,2.001175587793897,0.0,0.0
0.7875751503006012,2.0061530765382694,0.0,0.0
0.7895791583166333,2.0111305652826412,0.0,0.0
0.7915831663326653,2.0161080540270135,0.0,0.0
0.7935871743486974,2.021085542771386,0.0,0.0
0.7955911823647295,2.0260630315157577,0.0,0.0
0.7975951903807615,2.03104052026013,0.0,0.0
0.7995991983967936,2.0360180090045024,0.0,0.0
0.8016032064128257,2.0409954977488742,0.0,0.0
0.8036072144288577,2.0459729864932465,0.0,0.0
0.8056112224448898,2.050950475237619,0.0,0.0
0.8076152304609219,2.055927963981991,0.0,0.0
0.8096192384769539,2.060905452726363,0.0,0.0
0.811623246492986,2.0658829414707354,0.0,0.0
0.8136272545090181,2.0708604302151077,0.0,0.0
0.8156312625250501,2.0758379189594796,0.0,0.0
0.8176352705410822,2.080815407703852,0.0,0.0
0.8196392785571143,2.085792896448224,0.0,0.0
0.8216432865731463,2.0907703851925965,0.0,0.0
0.8236472945891784,2.0957478739369684,0.0,0.0
0.8256513026052105,2.1007253626813407,0.0,0.0
0.8276553106212425,2.105702851425713,0.0,0.0
0.8296593186372746,2.110680340170085,0.0,0.0
0.8316633266533067,2.115657828914457,0.0,0.0
0.8336673346693386,2.1206353176588295,0.0,0.0
0.8356713426853707,2.1256128064032014,0.0,0.0
0.8376753507014028,2.1305902951475737,0.0,0.0
0.8396793587174348,2.135567783891946,0.0,0.0
0.8416833667334669,2.1405452726363183,0.0,0.0
0.843687374749499,2.14552276138069,0.0,0.0
0.845691382765531,2.1505002501250625,0.0,0.0
0.8476953907815631,2.155477738869435,0.0,0.0
0.8496993987975952,2.1604552276138067,0.0,0.0
0.8517034068136272,2.165432716358179,0.0,0.0
0.8537074148296593,2.1704102051025513,0.0,0.0
0.8557114228456913,2.1753876938469237,0.0,0.0
0.8577154308617234,2.1803651825912955,0.0,0.0
0.8597194388777555,2.185342671335668,0.0,0.0
0.8617234468937875,2.19032016008004,0.0,0.0
0.8637274549098196,2.195297648824412,0.0,0.0
0.8657314629258517,2.2002751375687843,0.0,0.0
0.8677354709418837,2.2052526263131567,0.0,0.0
0.8697394789579158,2.210230115057529,0.0,0.0
0.8717434869739479,2.215207603801901,0.0,0.0
0.87374749498998,2.220185092546273,0.0,0.0
0.875751503006012,2.2251625812906455,0.0,0.0
0.8777555110220441,2.2301400700350174,0.0,0.0
0.8797595190380761,2.2351175587793897,0.0,0.0
0.8817635270541082,2.240095047523762,0.0,0.0
0.8837675350701403,2.245072536268134,0.0,0.0
0.8857715430861723,2.250050025012506,0.0,0.0
0.8877755511022044,2.2550275137568785,0.0,0.0
0.8897795591182365,2.260005002501251,0.0,0.0
0.8917835671342685,2.2649824912456227,0.0,0.0
0.8937875751503006,2.269959979989995,0.0,0.0
0.8957915831663327,2.2749374687343673,0.0,0.0
0.8977955911823647,2.279914957478739,0.0,0.0
0.8997995991983968,2.2848924462231115,0.0,0.0
0.9018036072144289,2.289869934967484,0.0,0.0
0.9038076152304609,2.294847423711856,0.0,0.0
0.905811623246493,2.299824912456228,0.0,0.0
0.9078156312625251,2.3048024012006003,0.0,0.0
0.9098196392785571,2.3097798899449726,0.0,0.0
0.9118236472945892,2.3147573786893445,0.0,0.0
0.9138276553106213,2.319734867433717,0.0,0.0
0.9158316633266533,2.324712356178089,0.0,0.0
0.9178356713426854,2.3296898449224615,0.0,0.0
0.9198396793587175,2.3346673336668333,0.0,0.0
0.9218436873747495,2.3396448224112056,0.0,0.0
0.9238476953907816,2.344622311155578,0.0,0.0
0.9258517034068137,2.34959979989995,0.0,0.0
0.9278557114228457,2.354577288644322,0.0,0.0
0.9298597194388778,2.3595547773886945,0.0,0.0
0.9318637274549099,2.3645322661330663,0.0,0.0
0.9338677354709419,2.3695097548774386,0.0,0.0
0.935871743486974,2.374487243621811,0.0,0.0
0.9378757515030061,2.3794647323661833,0.0,0.0
0.9398797595190381,2.384442221110555,0.0,0.0
0.9418837675350702,2.3894197098549275,0.0,0.0
0.9438877755511023,2.3943971985993,0.0,0.0
0.9458917835671342,2.3993746873436717,0.0,0.0
0.9478957915831663,2.404352176088044,0.0,0.0
0.9498997995991983,2.4093296648324163,0.0,0.0
0.9519038076152304,2.4143071535767886,0.0,0.0
0.9539078156312625,2.4192846423211605,0.0,0.0
0.9559118236472945,2.424262131065533,0.0,0.0
0.9579158316633266,2.429239619809905,0.0,0.0
0.9599198396793587,2.434217108554277,0.0,0.0
0.9619238476953907,2.4391945972986493,0.0,0.0
0.9639278557114228,2.4441720860430216,0.0,0.0
0.9659318637274549,2.4491495747873935,0.0,0.0
0.9679358717434869,2.454127063531766,0.0,0.0
0.969939879759519,2.459104552276138,0.0,0.0
0.9719438877755511,2.4640820410205104,0.0,0.0
0.9739478957915831,2.4690595297648823,0.0,0.0
0.9759519038076152,2.4740370185092546,0.0,0.0
0.9779559118236473,2.479014507253627,0.0,0.0
0.9799599198396793,2.483991995997999,0.0,0.0
0.9819639278557114,2.488969484742371,0.0,0.0
0.9839679358717435,2.4939469734867434,0.0,0.0
0.9859719438877755,2.4989244622311158,0.0,0.0
0.9879759519038076,2.5039019509754876,0.0,0.0
0.9899799599198397,2.50887943971986,0.0,0.0
0.9919839679358717,2.5138569284642323,0.0,0.0
0.9939879759519038,2.518834417208604,0.0,0.0
0.9959919839679359,2.5238119059529764,0.0,0.0
0.9979959919839679,2.5287893946973488,0.0,0.0
1.0,2.533766883441721,0.0,0.0
NaN,2.538744372186093,NaN,0.0
NaN,2.5437218609304653,NaN,0.0
NaN,2.5486993496748376,NaN,0.0
NaN,2.5536768384192094,NaN,0.0
NaN,2.5586543271635818,NaN,0.0
NaN,2.563631815907954,NaN,0.0
NaN,2.568609304652326,NaN,0.0
NaN,2.5735867933966983,NaN,0.0
NaN,2.5785642821410706,NaN,0.0
NaN,2.583541770885443,NaN,0.0
NaN,2.5885192596298148,NaN,0.0
NaN,2.593496748374187,NaN,0.0
NaN,2.5984742371185594,NaN,0.0
NaN,2.6034517258629313,NaN,0.0
NaN,2.6084292146073036,NaN,0.0
NaN,2.613406703351676,NaN,0.0
NaN,2.6183841920960482,NaN,0.0
NaN,2.62336168084042,NaN,0.0
NaN,2.6283391695847924,NaN,0.0
NaN,2.6333166583291647,NaN,0.0
NaN,2.6382941470735366,NaN,0.0
NaN,2.643271635817909,NaN,0.0
NaN,2.6482491245622812,NaN,0.0
NaN,2.6532266133066535,NaN,0.0
NaN,2.6582041020510254,NaN,0.0
NaN,2.6631815907953977,NaN,0.0
NaN,2.66815907953977,NaN,0.0
NaN,2.673136568284142,NaN,0.0
NaN,2.6781140570285142,NaN,0.0
NaN,2.6830915457728866,NaN,0.0
NaN,2.6880690345172584,NaN,0.0
NaN,2.6930465232616307,NaN,0.0
NaN,2.698024012006003,NaN,0.0
NaN,2.7030015007503754,NaN,0.0
NaN,2.7079789894947472,NaN,0.0
NaN,2.7129564782391196,NaN,0.0
NaN,2.717933966983492,NaN,0.0
NaN,2.7229114557278637,NaN,0.0
NaN,2.727888944472236,NaN,0.0
NaN,2.7328664332166084,NaN,0.0
NaN,2.7378439219609807,NaN,0.0
NaN,2.7428214107053526,NaN,0.0
NaN,2.747798899449725,NaN,0.0
NaN,2.752776388194097,NaN,0.0
NaN,2.757753876938469,NaN,0.0
NaN,2.7627313656828414,NaN,0.0
NaN,2.7677088544272137,NaN,0.0
NaN,2.7726863431715856,NaN,0.0
NaN,2.777663831915958,NaN,0.0
NaN,2.78264132066033,NaN,0.0
NaN,2.7876188094047025,NaN,0.0
NaN,2.7925962981490744,NaN,0.0
NaN,2.7975737868934467,NaN,0.0
NaN,2.802551275637819,NaN,0.0
NaN,2.807528764382191,NaN,0.0
NaN,2.812506253126563,NaN,0.0
NaN,2.8174837418709355,NaN,0.0
NaN,2.822461230615308,NaN,0.0
NaN,2.8274387193596797,NaN,0.0
NaN,2.832416208104052,NaN,0.0
NaN,2.8373936968484244,NaN,0.0
NaN,2.8423711855927962,NaN,0.0
NaN,2.8473486743371685,NaN,0.0
NaN,2.852326163081541,NaN,0.0
NaN,2.857303651825913,NaN,0.0
NaN,2.862281140570285,NaN,0.0
NaN,2.8672586293146574,NaN,0.0
NaN,2.8722361180590297,NaN,0.0
NaN,2.8772136068034015,NaN,0.0
NaN,2.882191095547774,NaN,0.0
NaN,2.887168584292146,NaN,0.0
NaN,2.892146073036518,NaN,0.0
NaN,2.8971235617808904,NaN,0.0
NaN,2.9021010505252627,NaN,0.0
NaN,2.907078539269635,NaN,0.0
NaN,2.912056028014007,NaN,0.0
NaN,2.917033516758379,NaN,0.0
NaN,2.9220110055027515,NaN,0.0
NaN,2.9269884942471234,NaN,0.0
NaN,2.9319659829914957,NaN,0.0
NaN,2.936943471735868,NaN,0.0
NaN,2.9419209604802403,NaN,0.0
NaN,2.946898449224612,NaN,0.0
NaN,2.9518759379689845,NaN,0.0
NaN,2.956853426713357,NaN,0.0
NaN,2.9618309154577287,NaN,0.0
NaN,2.966808404202101,NaN,0.0
NaN,2.9717858929464733,NaN,0.0
NaN,2.9767633816908456,NaN,0.0
NaN,2.9817408704352175,NaN,0.0
NaN,2.98671835917959,NaN,0.0
NaN,2.991695847923962,NaN,0.0
NaN,2.996673336668334,NaN,0.0
NaN,3.0016508254127063,NaN,0.0
NaN,3.0066283141570787,NaN,0.0
NaN,3.0116058029014505,NaN,0.0
NaN,3.016583291645823,NaN,0.0
NaN,3.021560780390195,NaN,0.0
NaN,3.0265382691345675,NaN,0.0
NaN,3.0315157578789393,NaN,0.0
NaN,3.0364932466233117,NaN,0.0
NaN,3.041470735367684,NaN,0.0
NaN,3.046448224112056,NaN,0.0
NaN,3.051425712856428,NaN,0.0
NaN,3.0564032016008005,NaN,0.0
NaN,3.061380690345173,NaN,0.0
NaN,3.0663581790895447,NaN,0.0
NaN,3.071335667833917,NaN,0.0
NaN,3.0763131565782893,NaN,0.0
NaN,3.081290645322661,NaN,0.0
NaN,3.0862681340670335,NaN,0.0
NaN,3.091245622811406,NaN,0.0
NaN,3.0962231115557777,NaN,0.0
NaN,3.10120060030015,NaN,0.0
NaN,3.1061780890445223,NaN,0.0
NaN,3.1111555777888946,NaN,0.0
NaN,3.1161330665332665,NaN,0.0
NaN,3.121110555277639,NaN,0.0
NaN,3.126088044022011,NaN,0.0
NaN,3.131065532766383,NaN,0.0
NaN,3.1360430215107553,NaN,0.0
NaN,3.1410205102551276,NaN,0.0
NaN,3.1459979989995,NaN,0.0
NaN,3.150975487743872,NaN,0.0
NaN,3.155952976488244,NaN,0.0
NaN,3.1609304652326164,NaN,0.0
NaN,3.1659079539769883,NaN,0.0
NaN,3.1708854427213606,NaN,0.0
NaN,3.175862931465733,NaN,0.0
NaN,3.1808404202101053,NaN,0.0
NaN,3.185817908954477,NaN,0.0
NaN,3.1907953976988495,NaN,0.0
NaN,3.1957728864432218,NaN,0.0
NaN,3.2007503751875936,NaN,0.0
NaN,3.205727863931966,NaN,0.0
NaN,3.2107053526763383,NaN,0.0
NaN,3.21568284142071,NaN,0.0
NaN,3.2206603301650825,NaN,0.0
NaN,3.225637818909455,NaN,0.0
NaN,3.230615307653827,NaN,0.0
NaN,3.235592796398199,NaN,0.0
NaN,3.2405702851425713,NaN,0.0
NaN,3.2455477738869436,NaN,0.0
NaN,3.2505252626313155,NaN,0.0
NaN,3.255502751375688,NaN,0.0
NaN,3.26048024012006,NaN,0.0
NaN,3.2654577288644324,NaN,0.0
NaN,3.2704352176088043,NaN,0.0
NaN,3.2754127063531766,NaN,0.0
NaN,3.280390195097549,NaN,0.0
NaN,3.285367683841921,NaN,0.0
NaN,3.290345172586293,NaN,0.0
NaN,3.2953226613306654,NaN,0.0
NaN,3.3003001500750373,NaN,0.0
NaN,3.3052776388194096,NaN,0.0
NaN,3.310255127563782,NaN,0.0
NaN,3.3152326163081542,NaN,0.0
NaN,3.320210105052526,NaN,0.0
NaN,3.3251875937968984,NaN,0.0
NaN,3.3301650825412707,NaN,0.0
NaN,3.3351425712856426,NaN,0.0
NaN,3.340120060030015,NaN,0.0
NaN,3.3450975487743873,NaN,0.0
NaN,3.3500750375187596,NaN,0.0
NaN,3.3550525262631314,NaN,0.0
NaN,3.3600300150075038,NaN,0.0
NaN,3.365007503751876,NaN,0.0
NaN,3.369984992496248,NaN,0.0
NaN,3.3749624812406203,NaN,0.0
NaN,3.3799399699849926,NaN,0.0
NaN,3.384917458729365,NaN,0.0
NaN,3.3898949474737368,NaN,0.0
NaN,3.394872436218109,NaN,0.0
NaN,3.3998499249624814,NaN,0.0
NaN,3.4048274137068533,NaN,0.0
NaN,3.4098049024512256,NaN,0.0
NaN,3.414782391195598,NaN,0.0
NaN,3.4197598799399698,NaN,0.0
NaN,3.424737368684342,NaN,0.0
NaN,3.4297148574287144,NaN,0.0
NaN,3.4346923461730867,NaN,0.0
NaN,3.4396698349174586,NaN,0.0
NaN,3.444647323661831,NaN,0.0
NaN,3.4496248124062032,NaN,0.0
NaN,3.454602301150575,NaN,0.0
NaN,3.4595797898949474,NaN,0.0
NaN,3.4645572786393197,NaN,0.0
NaN,3.469534767383692,NaN,6.8e-322
NaN,3.474512256128064,NaN,1.6576e-319
NaN,3.4794897448724362,NaN,3.985018e-317
NaN,3.4844672336168085,NaN,9.3137334e-315
NaN,3.4894447223611804,NaN,2.116313959453e-312
NaN,3.4944222111055527,NaN,4.6757037388295e-310
NaN,3.499399699849925,NaN,1.0045503990649533e-307
NaN,3.5043771885942974,NaN,2.098946432136235e-305
NaN,3.5093546773386692,NaN,4.265624744872495e-303
NaN,3.5143321660830416,NaN,8.432612828278146e-301
NaN,3.519309654827414,NaN,1.6217586279514087e-298
NaN,3.5242871435717857,NaN,3.0345961743366783e-296
NaN,3.529264632316158,NaN,5.525251961044706e-294
NaN,3.5342421210605304,NaN,9.790060890578896e-292
NaN,3.5392196098049022,NaN,1.688286809571591e-289
NaN,3.5441970985492746,NaN,2.8338689957080966e-287
NaN,3.549174587293647,NaN,4.630532910251704e-285
NaN,3.554152076038019,NaN,7.366218142495818e-283
NaN,3.559129564782391,NaN,1.1409459807574915e-280
NaN,3.5641070535267634,NaN,1.720825317527426e-278
NaN,3.5690845422711357,NaN,2.5275733098950752e-276
NaN,3.5740620310155076,NaN,3.615845449522039e-274
NaN,3.57903951975988,NaN,5.038470521812371e-272
NaN,3.584017008504252,NaN,6.839333376143404e-270
NaN,3.5889944972486245,NaN,9.044784528648594e-268
NaN,3.5939719859929964,NaN,1.1654538393403141e-265
NaN,3.5989494747373687,NaN,1.4633463122060471e-263
NaN,3.603926963481741,NaN,1.7905931820945128e-261
NaN,3.608904452226113,NaN,2.1354375533298654e-259
NaN,3.613881940970485,NaN,2.482327796065955e-257
NaN,3.6188594297148575,NaN,2.812908785449674e-255
NaN,3.6238369184592294,NaN,3.107550453337055e-253
NaN,3.6288144072036017,NaN,3.3472511512158125e-251
NaN,3.633791895947974,NaN,3.515663769976192e-249
NaN,3.6387693846923463,NaN,3.6009446020325423e-247
NaN,3.643746873436718,NaN,3.5971336186254884e-245
NaN,3.6487243621810905,NaN,3.5048422616307135e-243
NaN,3.653701850925463,NaN,3.331138698654144e-241
NaN,3.6586793396698347,NaN,3.088656752405997e-239
NaN,3.663656828414207,NaN,2.79408386030991e-237
NaN,3.6686343171585793,NaN,2.4662781595293246e-235
NaN,3.6736118059029517,NaN,2.124307040024899e-233
NaN,3.6785892946473235,NaN,1.7856844643893176e-231
NaN,3.683566783391696,NaN,1.4650206698721904e-229
NaN,3.688544272136068,NaN,1.1732041621705993e-227
NaN,3.69352176088044,NaN,9.171350102426341e-226
NaN,3.6984992496248124,NaN,6.999413017272004e-224
NaN,3.7034767383691847,NaN,5.215516124741577e-222
NaN,3.708454227113557,NaN,3.794711422288094e-220
NaN,3.713431715857929,NaN,2.6961514971003023e-218
NaN,3.718409204602301,NaN,1.8708200086644773e-216
NaN,3.7233866933466735,NaN,1.2678848707183088e-214
NaN,3.7283641820910454,NaN,8.393159450567856e-213
NaN,3.7333416708354177,NaN,5.427583727559008e-211
NaN,3.73831915957979,NaN,3.4289438918587727e-209
NaN,3.743296648324162,NaN,2.1165290008286027e-207
NaN,3.748274137068534,NaN,1.276541973667005e-205
NaN,3.7532516258129065,NaN,7.523672184069194e-204
NaN,3.758229114557279,NaN,4.333563895637815e-202
NaN,3.7632066033016507,NaN,2.4395944200902445e-200
NaN,3.768184092046023,NaN,1.3424047701426485e-198
NaN,3.7731615807903953,NaN,7.220694006302539e-197
NaN,3.778139069534767,NaN,3.7969947432777974e-195
NaN,3.7831165582791395,NaN,1.9521018981626542e-193
NaN,3.788094047023512,NaN,9.81300612883311e-192
NaN,3.793071535767884,NaN,4.8236329570944e-190
NaN,3.798049024512256,NaN,2.3187523558354946e-188
NaN,3.8030265132566283,NaN,1.0901282196830942e-186
NaN,3.8080040020010006,NaN,5.01278295732781e-185
NaN,3.8129814907453725,NaN,2.2547228562384805e-183
NaN,3.817958979489745,NaN,9.920991147495256e-182
NaN,3.822936468234117,NaN,4.270700399579207e-180
NaN,3.8279139569784895,NaN,1.7987038257138337e-178
NaN,3.8328914457228613,NaN,7.4126060870218805e-177
NaN,3.8378689344672337,NaN,2.989282364058124e-175
NaN,3.842846423211606,NaN,1.179727217176228e-173
NaN,3.847823911955978,NaN,4.556681039872433e-172
NaN,3.85280140070035,NaN,1.7226680832429405e-170
NaN,3.8577788894447225,NaN,6.37490846000414e-169
NaN,3.8627563781890943,NaN,2.3093987899249712e-167
NaN,3.8677338669334667,NaN,8.19048586859502e-166
NaN,3.872711355677839,NaN,2.8440623330999115e-164
NaN,3.8776888444222113,NaN,9.669857676937921e-163
NaN,3.882666333166583,NaN,3.2194763751029436e-161
NaN,3.8876438219109555,NaN,1.049704612238133e-159
NaN,3.892621310655328,NaN,3.35195389231896e-158
NaN,3.8975987993996997,NaN,1.0483595419761597e-156
NaN,3.902576288144072,NaN,3.211706316508547e-155
NaN,3.9075537768884443,NaN,9.638438532808826e-154
NaN,3.9125312656328166,NaN,2.833704774838637e-152
NaN,3.9175087543771885,NaN,8.162274991350688e-151
NaN,3.922486243121561,NaN,2.3036051280607353e-149
NaN,3.927463731865933,NaN,6.37054218906102e-148
NaN,3.932441220610305,NaN,1.7264241817332363e-146
NaN,3.9374187093546773,NaN,4.5851383907216356e-145
NaN,3.9423961980990496,NaN,1.1934992168101682e-143
NaN,3.9473736868434215,NaN,3.0450005137570138e-142
NaN,3.952351175587794,NaN,7.61515583473911e-141
NaN,3.957328664332166,NaN,1.8669252359607542e-139
NaN,3.9623061530765384,NaN,4.4870627234894426e-138
NaN,3.9672836418209103,NaN,1.0573400387308726e-136
NaN,3.9722611305652826,NaN,2.4429503716278614e-135
NaN,3.977238619309655,NaN,5.534673546701778e-134
NaN,3.982216108054027,NaN,1.2296361180977213e-132
NaN,3.987193596798399,NaN,2.6791569253518786e-131
NaN,3.9921710855427714,NaN,5.725141222934761e-130
NaN,3.9971485742871438,NaN,1.1999694966579403e-128
NaN,4.002126063031516,NaN,2.4670586163473696e-127
NaN,4.007103551775888,NaN,4.9755737553127844e-126
NaN,4.01208104052026,NaN,9.844425030592367e-125
NaN,4.017058529264633,NaN,1.910952762633325e-123
NaN,4.022036018009005,NaN,3.6395756289579944e-122
NaN,4.027013506753376,NaN,6.80176167869136e-121
NaN,4.031990995497749,NaN,1.2473561672651584e-119
NaN,4.036968484242121,NaN,2.2448450240185863e-118
NaN,4.041945972986493,NaN,3.964946718301869e-117
NaN,4.046923461730866,NaN,6.873399957439646e-116
NaN,4.051900950475238,NaN,1.1695456681761908e-114
NaN,4.05687843921961,NaN,1.9534485555094148e-113
NaN,4.061855927963982,NaN,3.2029767863020402e-112
NaN,4.066833416708354,NaN,5.1558502489118024e-111
NaN,4.071810905452726,NaN,8.148338096361739e-110
NaN,4.076788394197099,NaN,1.2644086537098597e-108
NaN,4.081765882941471,NaN,1.9265614329566124e-107
NaN,4.086743371685843,NaN,2.882587109388422e-106
NaN,4.0917208604302155,NaN,4.2355836887952055e-105
NaN,4.096698349174587,NaN,6.112266738493827e-104
NaN,4.101675837918959,NaN,8.663160740617052e-103
NaN,4.106653326663332,NaN,1.2060413859873192e-101
NaN,4.111630815407704,NaN,1.6492497236632993e-100
NaN,4.116608304152076,NaN,2.2155190558220712e-99
NaN,4.1215857928964486,NaN,2.923854765517991e-98
NaN,4.12656328164082,NaN,3.790998406232841e-97
NaN,4.131540770385192,NaN,4.829420869444767e-96
NaN,4.136518259129565,NaN,6.045137590527313e-95
NaN,4.141495747873937,NaN,7.435547152830397e-94
NaN,4.146473236618309,NaN,8.987545299490182e-93
NaN,4.151450725362682,NaN,1.0676191909663498e-91
NaN,4.156428214107054,NaN,1.246419862193139e-90
NaN,4.161405702851425,NaN,1.4302453374800393e-89
NaN,4.166383191595798,NaN,1.613170539892661e-88
NaN,4.17136068034017,NaN,1.78854078722745e-87
NaN,4.176338169084542,NaN,1.949357056755674e-86
NaN,4.181315657828915,NaN,2.0887331891807743e-85
NaN,4.186293146573287,NaN,2.200384150551848e-84
NaN,4.191270635317659,NaN,2.279097213639272e-83
NaN,4.196248124062031,NaN,2.321136721206376e-82
NaN,4.201225612806403,NaN,2.324538522378773e-81
NaN,4.206203101550775,NaN,2.2892617131782037e-80
NaN,4.211180590295148,NaN,2.217181409716772e-79
NaN,4.21615807903952,NaN,2.1119246022491234e-78
NaN,4.221135567783892,NaN,1.9785689784938624e-77
NaN,4.2261130565282645,NaN,1.8232393804709287e-76
NaN,4.231090545272636,NaN,1.6526462569676613e-75
NaN,4.236068034017008,NaN,1.4736139797825098e-74
NaN,4.241045522761381,NaN,1.2926441346372728e-73
NaN,4.246023011505753,NaN,1.1155507861690861e-72
NaN,4.251000500250125,NaN,9.471929010090078e-72
NaN,4.2559779889944975,NaN,7.91315633200999e-71
NaN,4.26095547773887,NaN,6.504990758988335e-70
NaN,4.265932966483241,NaN,5.26202072746124e-69
NaN,4.270910455227614,NaN,4.188809067491646e-68
NaN,4.275887943971986,NaN,3.2815862703061074e-67
NaN,4.280865432716358,NaN,2.530202912819539e-66
NaN,4.2858429214607305,NaN,1.920118618475689e-65
NaN,4.290820410205103,NaN,1.4342497085712111e-64
NaN,4.295797898949475,NaN,1.0545525175849718e-63
NaN,4.300775387693847,NaN,7.632749660901218e-63
NaN,4.305752876438219,NaN,5.438582560355984e-62
NaN,4.310730365182591,NaN,3.8150899202156494e-61
NaN,4.3157078539269635,NaN,2.634878103359613e-60
NaN,4.320685342671336,NaN,1.7917410081330345e-59
NaN,4.325662831415708,NaN,1.1996955851537995e-58
NaN,4.33064032016008,NaN,7.909883443807206e-58
NaN,4.335617808904452,NaN,5.135636619135818e-57
NaN,4.340595297648824,NaN,3.2837157939047636e-56
NaN,4.3455727863931966,NaN,2.0677865728842515e-55
NaN,4.350550275137569,NaN,1.2824382017021194e-54
NaN,4.355527763881941,NaN,7.833924672790609e-54
NaN,4.3605052526263135,NaN,4.7136364039923e-53
NaN,4.365482741370685,NaN,2.7937526725109248e-52
NaN,4.370460230115057,NaN,1.6311593074969634e-51
NaN,4.37543771885943,NaN,9.382155291428563e-51
NaN,4.380415207603802,NaN,5.316524920835484e-50
NaN,4.385392696348174,NaN,2.968200167862278e-49
NaN,4.3903701850925465,NaN,1.632749730855354e-48
NaN,4.395347673836919,NaN,8.849690542146212e-48
NaN,4.40032516258129,NaN,4.72649730620672e-47
NaN,4.405302651325663,NaN,2.4875645849016578e-46
NaN,4.410280140070035,NaN,1.2901898026951708e-45
NaN,4.415257628814407,NaN,6.594740626021827e-45
NaN,4.4202351175587795,NaN,3.322210979479851e-44
NaN,4.425212606303152,NaN,1.649538639308186e-43
NaN,4.430190095047524,NaN,8.072794665375763e-43
NaN,4.435167583791896,NaN,3.8943205962441125e-42
NaN,4.440145072536268,NaN,1.8518510414767382e-41
NaN,4.44512256128064,NaN,8.680945734337164e-41
NaN,4.4501000500250125,NaN,4.011757596576832e-40
NaN,4.455077538769385,NaN,1.827800974219321e-39
NaN,4.460055027513757,NaN,8.21049897247447e-39
NaN,4.4650325162581295,NaN,3.6364397031303314e-38
NaN,4.470010005002501,NaN,1.5880680612594277e-37
NaN,4.474987493746873,NaN,6.8386018851377435e-37
NaN,4.4799649824912455,NaN,2.9039594746473288e-36
NaN,4.484942471235618,NaN,1.2160690971403885e-35
NaN,4.48991995997999,NaN,5.022151364908283e-35
NaN,4.4948974487243625,NaN,2.045523553369432e-34
NaN,4.499874937468735,NaN,8.217155982717498e-34
NaN,4.504852426213106,NaN,3.255817698236706e-33
NaN,4.5098299149574785,NaN,1.272445516960084e-32
NaN,4.514807403701851,NaN,4.9054388909161116e-32
NaN,4.519784892446223,NaN,1.8654989782640152e-31
NaN,4.5247623811905955,NaN,6.9985725924515445e-31
NaN,4.529739869934968,NaN,2.5902399796728237e-30
NaN,4.534717358679339,NaN,9.458130389437049e-30
NaN,4.5396948474237115,NaN,3.407406681595896e-29
NaN,4.544672336168084,NaN,1.211196382876946e-28
NaN,4.549649824912456,NaN,4.248107991696612e-28
NaN,4.5546273136568285,NaN,1.470230119494101e-27
NaN,4.559604802401201,NaN,5.021138360593752e-27
NaN,4.564582291145573,NaN,1.6922495922560573e-26
NaN,4.5695597798899446,NaN,5.628467744151503e-26
NaN,4.574537268634317,NaN,1.8475558918929539e-25
NaN,4.579514757378689,NaN,5.985558295326786e-25
NaN,4.5844922461230615,NaN,1.913944693707807e-24
NaN,4.589469734867434,NaN,6.0407329453591446e-24
NaN,4.594447223611806,NaN,1.8819290466866948e-23
NaN,4.5994247123561784,NaN,5.787459494444579e-23
NaN,4.60440220110055,NaN,1.7569583948461524e-22
NaN,4.609379689844922,NaN,5.265521603913291e-22
NaN,4.6143571785892945,NaN,1.557920438508425e-21
NaN,4.619334667333667,NaN,4.550829686553958e-21
NaN,4.624312156078039,NaN,1.3124861545456039e-20
NaN,4.6292896448224115,NaN,3.737447155639551e-20
NaN,4.634267133566784,NaN,1.0508696426505177e-19
NaN,4.639244622311155,NaN,2.917650678083125e-19
NaN,4.6442221110555275,NaN,7.999181347380436e-19
NaN,4.6491995997999,NaN,2.1657217885711827e-18
NaN,4.654177088544272,NaN,5.790574720189036e-18
NaN,4.6591545772886445,NaN,1.5290422855962272e-17
NaN,4.664132066033017,NaN,3.987613144044078e-17
NaN,4.669109554777389,NaN,1.0271149451874759e-16
NaN,4.6740870435217605,NaN,2.6130897708928503e-16
NaN,4.679064532266133,NaN,6.566524108565748e-16
NaN,4.684042021010505,NaN,1.6299688472338866e-15
NaN,4.6890195097548775,NaN,3.996705650634144e-15
NaN,4.69399699849925,NaN,9.681008749032135e-15
NaN,4.698974487243622,NaN,2.3166001116329125e-14
NaN,4.703951975987994,NaN,5.4765859384587586e-14
NaN,4.708929464732366,NaN,1.2791262556711663e-13
NaN,4.713906953476738,NaN,2.951738150530703e-13
NaN,4.7188844422211105,NaN,6.730066041786339e-13
NaN,4.723861930965483,NaN,1.5161913612899458e-12
NaN,4.728839419709855,NaN,3.3751878929398986e-12
NaN,4.733816908454227,NaN,7.424498519033394e-12
NaN,4.7387943971986,NaN,1.6139031047735053e-11
NaN,4.743771885942971,NaN,3.466927964753867e-11
NaN,4.7487493746873435,NaN,7.360122023778994e-11
NaN,4.753726863431716,NaN,1.5442364282731013e-10
NaN,4.758704352176088,NaN,3.2021881084955753e-10
NaN,4.76368184092046,NaN,6.562960392342506e-10
NaN,4.768659329664833,NaN,1.3294995339336276e-9
NaN,4.773636818409204,NaN,2.6621196272603622e-9
NaN,4.7786143071535765,NaN,5.2690627055968356e-9
NaN,4.783591795897949,NaN,1.0309105392812362e-8
NaN,4.788569284642321,NaN,1.9939108567638797e-8
NaN,4.793546773386693,NaN,3.812439123960177e-8
NaN,4.798524262131066,NaN,7.206555503671352e-8
NaN,4.803501750875438,NaN,1.3467759503561514e-7
NaN,4.8084792396198095,NaN,2.488403884098114e-7
NaN,4.813456728364182,NaN,4.5458943270373504e-7
NaN,4.818434217108554,NaN,8.211183131491648e-7
NaN,4.8234117058529264,NaN,1.4665437052920365e-6
NaN,4.828389194597299,NaN,2.590013506745446e-6
NaN,4.833366683341671,NaN,4.523156510946052e-6
NaN,4.838344172086043,NaN,7.811393852793292e-6
NaN,4.843321660830415,NaN,1.3340665638233932e-5
NaN,4.848299149574787,NaN,2.253217741813087e-5
NaN,4.8532766383191595,NaN,3.763744417681518e-5
NaN,4.858254127063532,NaN,6.217888527424932e-5
NaN,4.863231615807904,NaN,0.0001015982146433249
NaN,4.868209104552276,NaN,0.00016419653770516213
NaN,4.873186593296649,NaN,0.00026247689054995836
NaN,4.87816408204102,NaN,0.0004150320527887461
NaN,4.8831415707853925,NaN,0.0006491573369605565
NaN,4.888119059529765,NaN,0.0010044082959521474
NaN,4.893096548274137,NaN,0.0015373642334453098
NaN,4.898074037018509,NaN,0.002327895787207966
NaN,4.903051525762882,NaN,0.003487262514006238
NaN,4.908029014507254,NaN,0.005168376086794617
NaN,4.9130065032516255,NaN,0.0075785461181418455
NaN,4.917983991995998,NaN,0.010994966751265293
NaN,4.92296148074037,NaN,0.015783090097761937
NaN,4.927938969484742,NaN,0.022417854806762897
NaN,4.932916458229115,NaN,0.03150748418559911
NaN,4.937893946973487,NaN,0.04381923256460274
NaN,4.942871435717859,NaN,0.060306042471099816
NaN,4.947848924462231,NaN,0.08213259018697319
NaN,4.952826413206603,NaN,0.11069866756612444
NaN,4.957803901950975,NaN,0.14765731212775354
NaN,4.962781390695348,NaN,0.1949246087990883
NaN,4.96775887943972,NaN,0.2546777120276893
NaN,4.972736368184092,NaN,0.32933745270968884
NaN,4.977713856928464,NaN,0.4215319801509941
NaN,4.982691345672836,NaN,0.5340383192246994
NaN,4.987668834417208,NaN,0.669699554824435
NaN,4.992646323161581,NaN,0.8313166193891344
NaN,4.997623811905953,NaN,1.0215153450067824
NaN,5.002601300650325,NaN,1.2425914911047071
NaN,5.007578789394698,NaN,1.4963387598832552
NaN,5.012556278139069,NaN,1.7838671990384283
NaN,5.017533766883441,NaN,2.1054216537438464
NaN,5.022511255627814,NaN,2.460211825303088
NaN,5.027488744372186,NaN,2.8462667714937586
NaN,5.032466233116558,NaN,3.260327111038611
NaN,5.037443721860931,NaN,3.697787587945892
NaN,5.042421210605303,NaN,4.152700904193436
NaN,5.0473986993496744,NaN,4.617850836367844
NaN,5.052376188094047,NaN,5.084898724859056
NaN,5.057353676838419,NaN,5.544602693829406
NaN,5.062331165582791,NaN,5.987103765233539
NaN,5.067308654327164,NaN,6.40226779189748
NaN,5.072286143071536,NaN,6.780067318677541
NaN,5.077263631815908,NaN,7.110983550070304
NaN,5.08224112056028,NaN,7.386405967526009
NaN,5.087218609304652,NaN,7.599006109684655
NaN,5.092196098049024,NaN,7.743062773921113
NaN,5.097173586793397,NaN,7.814718423978536
NaN,5.102151075537769,NaN,7.812150731364401
NaN,5.107128564282141,NaN,7.73564861480387
NaN,5.112106053026514,NaN,7.587588422520667
NaN,5.117083541770885,NaN,7.372312495182789
NaN,5.122061030515257,NaN,7.095918695269096
NaN,5.12703851925963,NaN,6.765975064598
NaN,5.132016008004002,NaN,6.391178132980528
NaN,5.136993496748374,NaN,5.980976230850637
NaN,5.141970985492747,NaN,5.545180293918979
NaN,5.146948474237119,NaN,5.093584087232961
NaN,5.15192596298149,NaN,4.635613671499877
NaN,5.156903451725863,NaN,4.180022566236553
NaN,5.161880940470235,NaN,3.734644803516257
NaN,5.166858429214607,NaN,3.3062133314050017
NaN,5.17183591795898,NaN,2.9002464387486317
NaN,5.176813406703352,NaN,2.521000415477983
NaN,5.181790895447723,NaN,2.171482846806244
NaN,5.186768384192096,NaN,1.8535179848616368
NaN,5.191745872936468,NaN,1.567853664896737
NaN,5.19672336168084,NaN,1.314298253165844
NaN,5.201700850425213,NaN,1.0918760605241022
NaN,5.206678339169585,NaN,0.8989903923694609
NaN,5.211655827913957,NaN,0.7335847495813733
NaN,5.216633316658329,NaN,0.5932944437039422
NaN,5.221610805402701,NaN,0.4755828412286359
NaN,5.226588294147073,NaN,0.3778584243601656
NaN,5.231565782891446,NaN,0.2975706993314226
NaN,5.236543271635818,NaN,0.2322845880340226
NaN,5.24152076038019,NaN,0.17973423589181903
NaN,5.246498249124563,NaN,0.13785812911190518
NaN,5.251475737868934,NaN,0.10481804168596302
NaN,5.256453226613306,NaN,0.07900465649399196
NaN,5.261430715357679,NaN,0.05903277258408691
NaN,5.266408204102051,NaN,0.043728878345347826
NaN,5.271385692846423,NaN,0.03211359614857696
NaN,5.276363181590796,NaN,0.02338114297255614
NaN,5.281340670335168,NaN,0.01687755118424296
NaN,5.286318159079539,NaN,0.012078992198165103
NaN,5.291295647823912,NaN,0.008571171251003871
NaN,5.296273136568284,NaN,0.006030432288290251
NaN,5.301250625312656,NaN,0.004206937696214928
NaN,5.306228114057029,NaN,0.002910071104451473
NaN,5.311205602801401,NaN,0.0019960503586074385
NaN,5.316183091545773,NaN,0.0013576262028365922
NaN,5.321160580290145,NaN,0.0009156724936810359
NaN,5.326138069034517,NaN,0.0006124374563460282
NaN,5.331115557778889,NaN,0.0004062143693888271
NaN,5.336093046523262,NaN,0.00026719670015775895
NaN,5.341070535267634,NaN,0.00017430082456750359
NaN,5.346048024012006,NaN,0.00011276402604057321
NaN,5.351025512756379,NaN,7.235269080737207e-5
NaN,5.35600300150075,NaN,4.604282379832627e-5
NaN,5.360980490245122,NaN,2.9060460825981615e-5
NaN,5.365957978989495,NaN,1.8192250294013073e-5
NaN,5.370935467733867,NaN,1.129597678698871e-5
NaN,5.375912956478239,NaN,6.9570421050491866e-6
NaN,5.380890445222612,NaN,4.250097945672574e-6
NaN,5.385867933966984,NaN,2.5754710499270027e-6
NaN,5.390845422711355,NaN,1.5481311871445167e-6
NaN,5.395822911455728,NaN,9.231283586865334e-7
NaN,5.4008004002001,NaN,5.460463784225712e-7
NaN,5.405777888944472,NaN,3.204202094018236e-7
NaN,5.410755377688845,NaN,1.8652755238867444e-7
NaN,5.415732866433217,NaN,1.077230309863891e-7
NaN,5.420710355177588,NaN,6.172006077689753e-8
NaN,5.425687843921961,NaN,3.508375145311404e-8
NaN,5.430665332666333,NaN,1.978596635808793e-8
NaN,5.435642821410705,NaN,1.107107248868765e-8
NaN,5.440620310155078,NaN,6.146287972986149e-9
NaN,5.44559779889945,NaN,3.3856063372445076e-9
NaN,5.450575287643822,NaN,1.8504181848877274e-9
NaN,5.455552776388194,NaN,1.003512274316513e-9
NaN,5.460530265132566,NaN,5.400131406002303e-10
NaN,5.465507753876938,NaN,2.8835284399626896e-10
NaN,5.470485242621311,NaN,1.527889071571692e-10
NaN,5.475462731365683,NaN,8.033715626934073e-11
NaN,5.480440220110055,NaN,4.191866748921247e-11
NaN,5.485417708854428,NaN,2.1705718909416646e-11
NaN,5.490395197598799,NaN,1.115387693478645e-11
NaN,5.495372686343171,NaN,5.6881591076310705e-12
NaN,5.500350175087544,NaN,2.8788633527042215e-12
NaN,5.505327663831916,NaN,1.4460488961320221e-12
NaN,5.510305152576288,NaN,7.20886130084479e-13
NaN,5.515282641320661,NaN,3.5668204500499755e-13
NaN,5.520260130065033,NaN,1.7516035018935944e-13
NaN,5.525237618809404,NaN,8.537670734152842e-14
NaN,5.530215107553777,NaN,4.130485195989515e-14
NaN,5.535192596298149,NaN,1.983489066055929e-14
NaN,5.540170085042521,NaN,9.454413557046359e-15
NaN,5.545147573786894,NaN,4.473262304106596e-15
NaN,5.550125062531266,NaN,2.100912822946559e-15
NaN,5.555102551275638,NaN,9.794775298965495e-16
NaN,5.56008004002001,NaN,4.533071345045717e-16
NaN,5.565057528764382,NaN,2.0826250421038198e-16
NaN,5.570035017508754,NaN,9.498583977810713e-17
NaN,5.575012506253127,NaN,4.3007545838370604e-17
NaN,5.579989994997499,NaN,1.9332018612508528e-17
NaN,5.584967483741871,NaN,8.627107403559441e-18
NaN,5.589944972486244,NaN,3.8222346029172424e-18
NaN,5.594922461230615,NaN,1.6812885653196927e-18
NaN,5.599899949974987,NaN,7.342578261306934e-19
NaN,5.60487743871936,NaN,3.1837936131527963e-19
NaN,5.609854927463732,NaN,1.370691730676654e-19
NaN,5.614832416208104,NaN,5.859246602927446e-20
NaN,5.619809904952477,NaN,2.486905987223747e-20
NaN,5.624787393696848,NaN,1.0480959573670666e-20
NaN,5.62976488244122,NaN,4.386067016038262e-21
NaN,5.634742371185593,NaN,1.8225961319055482e-21
NaN,5.639719859929965,NaN,7.520643220399714e-22
NaN,5.644697348674337,NaN,3.0816070466153835e-22
NaN,5.64967483741871,NaN,1.2539077980194058e-22
NaN,5.654652326163082,NaN,5.066736688509812e-23
NaN,5.659629814907453,NaN,2.033170229317424e-23
NaN,5.664607303651826,NaN,8.102332918765358e-24
NaN,5.669584792396198,NaN,3.2066059578708396e-24
NaN,5.67456228114057,NaN,1.2603422116664808e-24
NaN,5.679539769884943,NaN,4.919794068681141e-25
NaN,5.684517258629315,NaN,1.907344214208468e-25
NaN,5.689494747373687,NaN,7.344175796842524e-26
NaN,5.694472236118059,NaN,2.808645894299199e-26
NaN,5.699449724862431,NaN,1.06683909610322e-26
NaN,5.704427213606803,NaN,4.024916878563765e-27
NaN,5.709404702351176,NaN,1.5082696401362667e-27
NaN,5.714382191095548,NaN,5.614009441746005e-28
NaN,5.71935967983992,NaN,2.075617550058157e-28
NaN,5.7243371685842925,NaN,7.622712141485154e-29
NaN,5.729314657328664,NaN,2.7807862913283335e-29
NaN,5.734292146073036,NaN,1.0076959411147383e-29
NaN,5.739269634817409,NaN,3.6274636861815645e-30
NaN,5.744247123561781,NaN,1.2971677669064632e-30
NaN,5.749224612306153,NaN,4.608043293926596e-31
NaN,5.7542021010505255,NaN,1.6261929426900397e-31
NaN,5.759179589794898,NaN,5.701255163069627e-32
NaN,5.764157078539269,NaN,1.985726866905352e-32
NaN,5.769134567283642,NaN,6.871109797896e-33
NaN,5.774112056028014,NaN,2.3621109895424596e-33
NaN,5.779089544772386,NaN,8.067656781464191e-34
NaN,5.7840670335167585,NaN,2.7376370662091344e-34
NaN,5.789044522261131,NaN,9.229821314970527e-35
NaN,5.794022011005503,NaN,3.091770652974832e-35
NaN,5.798999499749875,NaN,1.0290236901358898e-35
NaN,5.803976988494247,NaN,3.402946696140839e-36
NaN,5.808954477238619,NaN,1.1181604089519684e-36
NaN,5.813931965982992,NaN,3.650730415344034e-37
NaN,5.818909454727364,NaN,1.1843759462058518e-37
NaN,5.823886943471736,NaN,3.818044657484954e-38
NaN,5.828864432216108,NaN,1.223042264219562e-38
NaN,5.83384192096048,NaN,3.893125143481974e-39
NaN,5.838819409704852,NaN,1.2314565117663734e-39
NaN,5.843796898449225,NaN,3.8708912106951154e-40
NaN,5.848774387193597,NaN,1.2091532697000709e-40
NaN,5.853751875937969,NaN,3.753509798089536e-41
NaN,5.8587293646823415,NaN,1.1579421121964927e-41
NaN,5.863706853426713,NaN,3.5500666028696515e-42
NaN,5.868684342171085,NaN,1.0816674214684201e-42
NaN,5.873661830915458,NaN,3.2754110532013922e-43
NaN,5.87863931965983,NaN,9.857343175670904e-44
NaN,5.883616808404202,NaN,2.948377704342103e-44
NaN,5.8885942971485745,NaN,8.764813588794326e-45
NaN,5.893571785892947,NaN,2.589677587078943e-45
NaN,5.898549274637318,NaN,7.605000794362797e-46
NaN,5.903526763381691,NaN,2.219782693749265e-46
NaN,5.908504252126063,NaN,6.440007132151552e-47
NaN,5.913481740870435,NaN,1.8570943174815055e-47
NaN,5.9184592296148075,NaN,5.3230471512731235e-48
NaN,5.92343671835918,NaN,1.5166046949857073e-48
NaN,5.928414207103552,NaN,4.295138570374357e-49
NaN,5.933391695847924,NaN,1.209153985317379e-49
NaN,5.938369184592296,NaN,3.383705973074375e-50
NaN,5.943346673336668,NaN,9.412762549943714e-51
NaN,5.9483241620810405,NaN,2.6029267684536966e-51
NaN,5.953301650825413,NaN,7.155401684258569e-52
NaN,5.958279139569785,NaN,1.955420438876157e-52
NaN,5.9632566283141575,NaN,5.312355894730341e-53
NaN,5.968234117058529,NaN,1.4347685620661547e-53
NaN,5.973211605802901,NaN,3.85239663858095e-54
NaN,5.9781890945472735,NaN,1.028350933391772e-54
NaN,5.983166583291646,NaN,2.729101196014469e-55
NaN,5.988144072036018,NaN,7.200664683657366e-56
NaN,5.9931215607803905,NaN,1.8888909306080324e-56
NaN,5.998099049524763,NaN,4.926394566932122e-57
NaN,6.003076538269134,NaN,1.277456649749221e-57
NaN,6.0080540270135065,NaN,3.2935514129651815e-58
NaN,6.013031515757879,NaN,8.442880246867557e-59
NaN,6.018009004502251,NaN,2.1519456876946962e-59
NaN,6.0229864932466235,NaN,5.453722621021089e-60
NaN,6.027963981990996,NaN,1.374302688246256e-60
NaN,6.032941470735367,NaN,3.4435459654956965e-61
NaN,6.0379189594797396,NaN,8.579658828784754e-62
NaN,6.042896448224112,NaN,2.1255987457665445e-62
NaN,6.047873936968484,NaN,5.236560817964987e-63
NaN,6.0528514257128565,NaN,1.2828357838207767e-63
NaN,6.057828914457229,NaN,3.125089461246321e-64
NaN,6.062806403201601,NaN,7.5705376742951485e-65
NaN,6.067783891945973,NaN,1.8237708325527318e-65
NaN,6.072761380690345,NaN,4.369175047859166e-66
NaN,6.077738869434717,NaN,1.0409278076266033e-66
NaN,6.0827163581790895,NaN,2.466267002336262e-67
NaN,6.087693846923462,NaN,5.811178284329824e-68
NaN,6.092671335667834,NaN,1.3617557659266745e-68
NaN,6.0976488244122065,NaN,3.1735944866788954e-69
NaN,6.102626313156578,NaN,7.355752056777625e-70
NaN,6.10760380190095,NaN,1.695635116337941e-70
NaN,6.1125812906453225,NaN,3.8875286925236855e-71
NaN,6.117558779389695,NaN,8.864554047471594e-72
NaN,6.122536268134067,NaN,2.010427574729181e-72
NaN,6.1275137568784395,NaN,4.534969645255058e-73
NaN,6.132491245622812,NaN,1.0174682983728877e-73
NaN,6.137468734367183,NaN,2.2705656226986566e-74
NaN,6.1424462231115555,NaN,5.039877722366894e-75
NaN,6.147423711855928,NaN,1.1127171796515682e-75
NaN,6.1524012006003,NaN,2.4436246791888285e-76
NaN,6.1573786893446725,NaN,5.337958249388733e-77
NaN,6.162356178089045,NaN,1.1598793866314297e-77
NaN,6.167333666833417,NaN,2.5069950922799744e-78
NaN,6.1723111555777885,NaN,5.390178203457666e-79
NaN,6.177288644322161,NaN,1.1528365087696686e-79
NaN,6.182266133066533,NaN,2.4527497027302024e-80
NaN,6.1872436218109055,NaN,5.19117404884382e-81
NaN,6.192221110555278,NaN,1.0929762235743307e-81
NaN,6.19719859929965,NaN,2.2892567584977156e-82
NaN,6.202176088044022,NaN,4.770049039259025e-83
NaN,6.207153576788394,NaN,9.887843763898208e-84
NaN,6.212131065532766,NaN,2.0390909955393346e-84
NaN,6.2171085542771385,NaN,4.183441562078746e-85
NaN,6.222086043021511,NaN,8.538836678280009e-86
NaN,6.227063531765883,NaN,1.7339533189611275e-86
NaN,6.232041020510255,NaN,3.5031244542722377e-87
NaN,6.237018509254628,NaN,7.041399125390404e-88
NaN,6.241995997998999,NaN,1.408164298514766e-88
NaN,6.2469734867433715,NaN,2.8018468531650447e-89
NaN,6.251950975487744,NaN,5.546740670206428e-90
NaN,6.256928464232116,NaN,1.0925452272885066e-90
NaN,6.261905952976488,NaN,2.141187772291774e-91
NaN,6.266883441720861,NaN,4.175317531753171e-92
NaN,6.271860930465232,NaN,8.10119949439942e-93
NaN,6.2768384192096045,NaN,1.5640110990154754e-93
NaN,6.281815907953977,NaN,3.0044613812644767e-94
NaN,6.286793396698349,NaN,5.742953526662855e-95
NaN,6.2917708854427215,NaN,1.0923238857270074e-95
NaN,6.296748374187094,NaN,2.0673812221253135e-96
NaN,6.301725862931466,NaN,3.893572371303084e-97
NaN,6.3067033516758375,NaN,7.296927068755133e-98
NaN,6.31168084042021,NaN,1.360822043453089e-98
NaN,6.316658329164582,NaN,2.52544393345748e-99
NaN,6.3216358179089545,NaN,4.663958377791589e-100
NaN,6.326613306653327,NaN,8.571515144997553e-101
NaN,6.331590795397699,NaN,1.5676603157773818e-101
NaN,6.336568284142071,NaN,2.853272128628267e-102
NaN,6.341545772886443,NaN,5.168168848733815e-103
NaN,6.346523261630815,NaN,9.316179695717607e-104
NaN,6.3515007503751875,NaN,1.6712909416159813e-104
NaN,6.35647823911956,NaN,2.983902732000376e-105
NaN,6.361455727863932,NaN,5.302015707581528e-106
NaN,6.366433216608304,NaN,9.376190709044158e-107
NaN,6.371410705352677,NaN,1.6502367023421538e-107
NaN,6.376388194097048,NaN,2.890718066366657e-108
NaN,6.3813656828414205,NaN,5.039763984961661e-109
NaN,6.386343171585793,NaN,8.745102298611605e-110
NaN,6.391320660330165,NaN,1.51034121575659e-110
NaN,6.396298149074537,NaN,2.596246797044413e-111
NaN,6.40127563781891,NaN,4.442043562815361e-112
NaN,6.406253126563282,NaN,7.564684112730421e-113
NaN,6.4112306153076535,NaN,1.282257108417957e-113
NaN,6.416208104052026,NaN,2.1634205029360402e-114
NaN,6.421185592796398,NaN,3.633234538452014e-115
NaN,6.42616308154077,NaN,6.073481844036507e-116
NaN,6.431140570285143,NaN,1.0105992706273006e-116
NaN,6.436118059029515,NaN,1.6738721224668403e-117
NaN,6.441095547773887,NaN,2.759768950910153e-118
NaN,6.446073036518259,NaN,4.5293450575478364e-119
NaN,6.451050525262631,NaN,7.399721855618814e-120
NaN,6.456028014007003,NaN,1.2034214332088018e-120
NaN,6.461005502751376,NaN,1.9482625686173013e-121
NaN,6.465982991495748,NaN,3.1398554423753163e-122
NaN,6.47096048024012,NaN,5.0374326600523156e-123
NaN,6.475937968984492,NaN,8.045467435872845e-124
NaN,6.480915457728864,NaN,1.2792066781416852e-124
NaN,6.485892946473236,NaN,2.0248018539421455e-125
NaN,6.490870435217609,NaN,3.1906683817293216e-126
NaN,6.495847923961981,NaN,5.0054493611617646e-127
NaN,6.500825412706353,NaN,7.817567921279299e-128
NaN,6.505802901450726,NaN,1.2155486655145908e-128
NaN,6.510780390195097,NaN,1.8816984609125197e-129
NaN,6.5157578789394694,NaN,2.9000773409211283e-130
NaN,6.520735367683842,NaN,4.449957551914775e-131
NaN,6.525712856428214,NaN,6.798197014740786e-132
NaN,6.530690345172586,NaN,1.0340178901447084e-132
NaN,6.535667833916959,NaN,1.5658985118991507e-133
NaN,6.540645322661331,NaN,2.361050261987408e-134
NaN,6.5456228114057025,NaN,3.544522293355282e-135
NaN,6.550600300150075,NaN,5.298169316328648e-136
NaN,6.555577788894447,NaN,7.885229970675753e-137
NaN,6.560555277638819,NaN,1.1684982315044139e-137
NaN,6.565532766383192,NaN,1.7241365590446487e-138
NaN,6.570510255127564,NaN,2.533085772948905e-139
NaN,6.575487743871936,NaN,3.705676283033382e-140
NaN,6.580465232616308,NaN,5.397953113388643e-141
NaN,6.58544272136068,NaN,7.829598147918435e-142
NaN,6.590420210105052,NaN,1.1308454246169736e-142
NaN,6.595397698849425,NaN,1.6263914624948195e-143
NaN,6.600375187593797,NaN,2.3292153371346814e-144
NaN,6.605352676338169,NaN,3.321708702581399e-145
NaN,6.610330165082542,NaN,4.71721222530847e-146
NaN,6.615307653826913,NaN,6.670921977390767e-147
NaN,6.620285142571285,NaN,9.39436598343772e-148
NaN,6.625262631315658,NaN,1.3174521125236142e-148
NaN,6.63024012006003,NaN,1.8398927886345623e-149
NaN,6.635217608804402,NaN,2.558851404902832e-150
NaN,6.640195097548775,NaN,3.5440270496708914e-151
NaN,6.645172586293147,NaN,4.888244602250101e-152
NaN,6.650150075037518,NaN,6.714555786264637e-153
NaN,6.655127563781891,NaN,9.185326570918436e-154
NaN,6.660105052526263,NaN,1.2513804470554668e-154
NaN,6.665082541270635,NaN,1.6978763261897407e-155
NaN,6.670060030015008,NaN,2.2942943216494266e-156
NaN,6.67503751875938,NaN,3.087614333299388e-157
NaN,6.680015007503751,NaN,4.1383979105065325e-158
NaN,6.684992496248124,NaN,5.524349542483254e-159
NaN,6.689969984992496,NaN,7.344701895547227e-160
NaN,6.694947473736868,NaN,9.72558464583637e-161
NaN,6.699924962481241,NaN,1.2826559272967202e-161
NaN,6.704902451225613,NaN,1.6848526018466601e-162
NaN,6.709879939969985,NaN,2.204323362375272e-163
NaN,6.714857428714357,NaN,2.8724646703697078e-164
NaN,6.719834917458729,NaN,3.728244871831671e-165
NaN,6.724812406203101,NaN,4.819797927311763e-166
NaN,6.729789894947474,NaN,6.206292143912112e-167
NaN,6.734767383691846,NaN,7.960106620498803e-168
NaN,6.739744872436218,NaN,1.016934850531076e-168
NaN,6.744722361180591,NaN,1.2940743573810604e-169
NaN,6.749699849924962,NaN,1.6402930816681735e-170
NaN,6.754677338669334,NaN,2.0710188419738463e-171
NaN,6.759654827413707,NaN,2.604661344596821e-172
NaN,6.764632316158079,NaN,3.2630770421557404e-173
NaN,6.769609804902451,NaN,4.072081462340477e-174
NaN,6.774587293646824,NaN,5.062008393196414e-175
NaN,6.779564782391196,NaN,6.268313846040656e-176
NaN,6.784542271135567,NaN,7.732220967797927e-177
NaN,6.78951975987994,NaN,9.50140003644429e-178
NaN,6.794497248624312,NaN,1.1630675353633277e-178
NaN,6.799474737368684,NaN,1.4182748265362957e-179
NaN,6.804452226113057,NaN,1.7228922729772371e-180
NaN,6.809429714857429,NaN,2.0849816859283298e-181
NaN,6.814407203601801,NaN,2.513604076144874e-182
NaN,6.819384692346173,NaN,3.0188817873962494e-183
NaN,6.824362181090545,NaN,3.612052393995946e-184
NaN,6.829339669834917,NaN,4.3055114921276996e-185
NaN,6.83431715857929,NaN,5.112841263928143e-186
NaN,6.839294647323662,NaN,6.048821491549697e-187
NaN,6.844272136068034,NaN,7.129419561909421e-188
NaN,6.849249624812407,NaN,8.371755947911884e-189
NaN,6.854227113556778,NaN,9.794041695034474e-190
NaN,6.85920460230115,NaN,1.1415484598151006e-190
NaN,6.864182091045523,NaN,1.3256161036702338e-191
NaN,6.869159579789895,NaN,1.5336850856784264e-192
NaN,6.874137068534267,NaN,1.7678833254707272e-193
NaN,6.87911455727864,NaN,2.0303642331201977e-194
NaN,6.884092046023012,NaN,2.323278184608058e-195
NaN,6.889069534767383,NaN,2.648739970346807e-196
NaN,6.894047023511756,NaN,3.008792382235943e-197
NaN,6.899024512256128,NaN,3.405366227700213e-198
NaN,6.9040020010005,NaN,3.8402371898492557e-199
NaN,6.908979489744873,NaN,4.314980087950222e-200
NaN,6.913956978489245,NaN,4.8309212280230436e-201
NaN,6.918934467233616,NaN,5.3890896649003725e-202
NaN,6.923911955977989,NaN,5.990168319967598e-203
NaN,6.928889444722361,NaN,6.634446007827024e-204
NaN,6.933866933466733,NaN,7.321771515339863e-205
NaN,6.938844422211106,NaN,8.05151094293684e-206
NaN,6.943821910955478,NaN,8.822509556148032e-207
NaN,6.94879939969985,NaN,9.633059401141054e-208
NaN,6.953776888444222,NaN,1.0480873908235667e-208
NaN,6.958754377188594,NaN,1.1363070639981444e-209
NaN,6.963731865932966,NaN,1.2276163234256464e-210
NaN,6.968709354677339,NaN,1.321606344790034e-211
NaN,6.973686843421711,NaN,1.4178094025032425e-212
NaN,6.978664332166083,NaN,1.5157012898733455e-213
NaN,6.983641820910456,NaN,1.6147048989935302e-214
NaN,6.988619309654827,NaN,1.714194959927927e-215
NaN,6.993596798399199,NaN,1.8135039102687682e-216
NaN,6.998574287143572,NaN,1.911928836822571e-217
NaN,7.003551775887944,NaN,2.0087394018762704e-218
NaN,7.008529264632316,NaN,2.1031866380731532e-219
NaN,7.013506753376689,NaN,2.194512469507873e-220
NaN,7.018484242121061,NaN,2.2819597928188245e-221
NaN,7.023461730865432,NaN,2.3647829320538008e-222
NaN,7.028439219609805,NaN,2.4422582652713545e-223
NaN,7.033416708354177,NaN,2.5136948102202334e-224
NaN,7.038394197098549,NaN,2.5784445511622823e-225
NaN,7.043371685842922,NaN,2.6359122895150456e-226
NaN,7.048349174587294,NaN,2.685564807528853e-227
NaN,7.053326663331666,NaN,2.7269391464819765e-228
NaN,7.058304152076038,NaN,2.7596498188479e-229
NaN,7.06328164082041,NaN,2.783394796774099e-230
NaN,7.068259129564782,NaN,2.797960146741413e-231
NaN,7.073236618309155,NaN,2.8032232111778816e-232
NaN,7.078214107053527,NaN,2.7991542716533747e-233
NaN,7.083191595797899,NaN,2.785816663726802e-234
NaN,7.088169084542272,NaN,2.763365349551676e-235
NaN,7.093146573286643,NaN,2.732043990064368e-236
NaN,7.098124062031015,NaN,2.6921805926359184e-237
NaN,7.103101550775388,NaN,2.644181841837328e-238
NaN,7.10807903951976,NaN,2.5885262490934256e-239
NaN,7.113056528264132,NaN,2.525756281262293e-240
NaN,7.118034017008505,NaN,2.456469647465506e-241
NaN,7.123011505752876,NaN,2.381309937707688e-242
NaN,7.127988994497248,NaN,2.3009568155342185e-243
NaN,7.132966483241621,NaN,2.2161159701896578e-244
NaN,7.137943971985993,NaN,2.127509031523611e-245
NaN,7.142921460730365,NaN,2.035863643519323e-246
NaN,7.147898949474738,NaN,1.94190388028346e-247
NaN,7.15287643821911,NaN,1.8463411721249384e-248
NaN,7.157853926963481,NaN,1.7498658896435476e-249
NaN,7.162831415707854,NaN,1.6531397113669934e-250
NaN,7.167808904452226,NaN,1.5567888760779721e-251
NaN,7.172786393196598,NaN,1.4613983955037227e-252
NaN,7.177763881940971,NaN,1.3675072771566235e-253
NaN,7.182741370685343,NaN,1.2756047817221257e-254
NaN,7.187718859429715,NaN,1.1861277149990325e-255
NaN,7.192696348174087,NaN,1.0994587318092185e-256
NaN,7.197673836918459,NaN,1.015925608852038e-257
NaN,7.202651325662831,NaN,9.358014256973533e-259
NaN,7.207628814407204,NaN,8.593055782257012e-260
NaN,7.212606303151576,NaN,7.866055370410544e-261
NaN,7.217583791895948,NaN,7.178192547342632e-262
NaN,7.2225612806403205,NaN,6.530181203829695e-263
NaN,7.227538769384692,NaN,5.922303571209021e-264
NaN,7.232516258129064,NaN,5.354447588990792e-265
NaN,7.237493746873437,NaN,4.826146653163974e-266
NaN,7.242471235617809,NaN,4.3366207835114204e-267
NaN,7.247448724362181,NaN,3.8848183162690465e-268
NaN,7.2524262131065536,NaN,3.4694573107158194e-269
NaN,7.257403701850926,NaN,3.0890659515967515e-270
NaN,7.262381190595297,NaN,2.742021329417067e-271
NaN,7.26735867933967,NaN,2.426586084478052e-272
NaN,7.272336168084042,NaN,2.1409425046888994e-273
NaN,7.277313656828414,NaN,1.883223768734324e-274
NaN,7.282291145572787,NaN,1.6515421230696478e-275
NaN,7.287268634317159,NaN,1.444013870902659e-276
NaN,7.292246123061531,NaN,1.2587811328395817e-277
NaN,7.297223611805903,NaN,1.0940304107252317e-278
NaN,7.302201100550275,NaN,9.480080479759593e-280
NaN,7.307178589294647,NaN,8.190327309555306e-281
NaN,7.31215607803902,NaN,7.055052168908074e-282
NaN,7.317133566783392,NaN,6.059155046809431e-283
NaN,7.322111055527764,NaN,5.188476864568425e-284
NaN,7.327088544272136,NaN,4.4298273059307335e-285
NaN,7.332066033016508,NaN,3.770994520265881e-286
NaN,7.33704352176088,NaN,3.2007392422460565e-287
NaN,7.342021010505253,NaN,2.7087757995620848e-288
NaN,7.346998499249625,NaN,2.2857423629992954e-289
NaN,7.351975987993997,NaN,1.9231626398370834e-290
NaN,7.3569534767383695,NaN,1.6134010325460233e-291
NaN,7.361930965482741,NaN,1.3496130882438744e-292
NaN,7.366908454227113,NaN,1.1256928586339737e-293
NaN,7.371885942971486,NaN,9.36218581775974e-295
NaN,7.376863431715858,NaN,7.763978918262621e-296
NaN,7.38184092046023,NaN,6.420135655978055e-297
NaN,7.3868184092046025,NaN,5.293706289052014e-298
NaN,7.391795897948975,NaN,4.352454740305106e-299
NaN,7.396773386693346,NaN,3.568374839534771e-300
NaN,7.401750875437719,NaN,2.917235203520162e-301
NaN,7.406728364182091,NaN,2.3781551111585534e-302
NaN,7.411705852926463,NaN,1.9332126907293585e-303
NaN,7.4166833416708355,NaN,1.5670858618007549e-304
NaN,7.421660830415208,NaN,1.266725755861577e-305
NaN,7.42663831915958,NaN,1.021061765580108e-306
NaN,7.431615807903952,NaN,8.207369287475825e-308
NaN,7.436593296648324,NaN,6.578720246664104e-309
NaN,7.441570785392696,NaN,5.2585653354828e-310
NaN,7.4465482741370685,NaN,4.191644681821e-311
NaN,7.451525762881441,NaN,3.33193018163e-312
NaN,7.456503251625813,NaN,2.6412193682e-313
NaN,7.4614807403701855,NaN,2.0879163784e-314
NaN,7.466458229114557,NaN,1.645980435e-315
NaN,7.471435717858929,NaN,1.2940232e-316
NaN,7.4764132066033016,NaN,1.0145376e-317
NaN,7.481390695347674,NaN,7.93247e-319
NaN,7.486368184092046,NaN,6.1847e-320
NaN,7.4913456728364185,NaN,4.817e-321
NaN,7.496323161580791,NaN,3.7e-322
NaN,7.501300650325162,NaN,2.5e-323
NaN,7.506278139069535,NaN,0.0
NaN,7.511255627813907,NaN,0.0
NaN,7.516233116558279,NaN,0.0
NaN,7.5212106053026515,NaN,0.0
NaN,7.526188094047024,NaN,0.0
NaN,7.531165582791396,NaN,0.0
NaN,7.536143071535768,NaN,0.0
NaN,7.54112056028014,NaN,0.0
NaN,7.546098049024512,NaN,0.0
NaN,7.5510755377688845,NaN,0.0
NaN,7.556053026513257,NaN,0.0
NaN,7.561030515257629,NaN,0.0
NaN,7.566008004002001,NaN,0.0
NaN,7.570985492746373,NaN,0.0
NaN,7.575962981490745,NaN,0.0
NaN,7.5809404702351175,NaN,0.0
NaN,7.58591795897949,NaN,0.0
NaN,7.590895447723862,NaN,0.0
NaN,7.5958729364682345,NaN,0.0
NaN,7.600850425212606,NaN,0.0
NaN,7.605827913956978,NaN,0.0
NaN,7.6108054027013505,NaN,0.0
NaN,7.615782891445723,NaN,0.0
NaN,7.620760380190095,NaN,0.0
NaN,7.6257378689344675,NaN,0.0
NaN,7.63071535767884,NaN,0.0
NaN,7.635692846423211,NaN,0.0
NaN,7.6406703351675835,NaN,0.0
NaN,7.645647823911956,NaN,0.0
NaN,7.650625312656328,NaN,0.0
NaN,7.6556028014007005,NaN,0.0
NaN,7.660580290145073,NaN,0.0
NaN,7.665557778889445,NaN,0.0
NaN,7.6705352676338165,NaN,0.0
NaN,7.675512756378189,NaN,0.0
NaN,7.680490245122561,NaN,0.0
NaN,7.6854677338669335,NaN,0.0
NaN,7.690445222611306,NaN,0.0
NaN,7.695422711355678,NaN,0.0
NaN,7.70040020010005,NaN,0.0
NaN,7.705377688844422,NaN,0.0
NaN,7.710355177588794,NaN,0.0
NaN,7.7153326663331665,NaN,0.0
NaN,7.720310155077539,NaN,0.0
NaN,7.725287643821911,NaN,0.0
NaN,7.7302651325662834,NaN,0.0
NaN,7.735242621310656,NaN,0.0
NaN,7.740220110055027,NaN,0.0
NaN,7.7451975987993995,NaN,0.0
NaN,7.750175087543772,NaN,0.0
NaN,7.755152576288144,NaN,0.0
NaN,7.7601300650325165,NaN,0.0
NaN,7.765107553776889,NaN,0.0
NaN,7.77008504252126,NaN,0.0
NaN,7.7750625312656325,NaN,0.0
NaN,7.780040020010005,NaN,0.0
NaN,7.785017508754377,NaN,0.0
NaN,7.7899949974987495,NaN,0.0
NaN,7.794972486243122,NaN,0.0
NaN,7.799949974987494,NaN,0.0
NaN,7.8049274637318655,NaN,0.0
NaN,7.809904952476238,NaN,0.0
NaN,7.81488244122061,NaN,0.0
NaN,7.8198599299649825,NaN,0.0
NaN,7.824837418709355,NaN,0.0
NaN,7.829814907453727,NaN,0.0
NaN,7.834792396198099,NaN,0.0
NaN,7.839769884942471,NaN,0.0
NaN,7.844747373686843,NaN,0.0
NaN,7.8497248624312155,NaN,0.0
NaN,7.854702351175588,NaN,0.0
NaN,7.85967983991996,NaN,0.0
NaN,7.864657328664332,NaN,0.0
NaN,7.869634817408705,NaN,0.0
NaN,7.874612306153076,NaN,0.0
NaN,7.8795897948974485,NaN,0.0
NaN,7.884567283641821,NaN,0.0
NaN,7.889544772386193,NaN,0.0
NaN,7.894522261130565,NaN,0.0
NaN,7.899499749874938,NaN,0.0
NaN,7.90447723861931,NaN,0.0
NaN,7.9094547273636815,NaN,0.0
NaN,7.914432216108054,NaN,0.0
NaN,7.919409704852426,NaN,0.0
NaN,7.924387193596798,NaN,0.0
NaN,7.929364682341171,NaN,0.0
NaN,7.934342171085543,NaN,0.0
NaN,7.939319659829915,NaN,0.0
NaN,7.944297148574287,NaN,0.0
NaN,7.949274637318659,NaN,0.0
NaN,7.9542521260630314,NaN,0.0
NaN,7.959229614807404,NaN,0.0
NaN,7.964207103551776,NaN,0.0
NaN,7.969184592296148,NaN,0.0
NaN,7.97416208104052,NaN,0.0
NaN,7.979139569784892,NaN,0.0
NaN,7.9841170585292645,NaN,0.0
NaN,7.989094547273637,NaN,0.0
NaN,7.994072036018009,NaN,0.0
NaN,7.999049524762381,NaN,0.0
NaN,8.004027013506754,NaN,0.0
NaN,8.009004502251125,NaN,0.0
NaN,8.013981990995498,NaN,0.0
NaN,8.01895947973987,NaN,0.0
NaN,8.023936968484243,NaN,0.0
NaN,8.028914457228614,NaN,0.0
NaN,8.033891945972986,NaN,0.0
NaN,8.038869434717359,NaN,0.0
NaN,8.04384692346173,NaN,0.0
NaN,8.048824412206104,NaN,0.0
NaN,8.053801900950475,NaN,0.0
NaN,8.058779389694848,NaN,0.0
NaN,8.06375687843922,NaN,0.0
NaN,8.068734367183591,NaN,0.0
NaN,8.073711855927964,NaN,0.0
NaN,8.078689344672336,NaN,0.0
NaN,8.083666833416709,NaN,0.0
NaN,8.08864432216108,NaN,0.0
NaN,8.093621810905452,NaN,0.0
NaN,8.098599299649825,NaN,0.0
NaN,8.103576788394196,NaN,0.0
NaN,8.10855427713857,NaN,0.0
NaN,8.113531765882941,NaN,0.0
NaN,8.118509254627314,NaN,0.0
NaN,8.123486743371686,NaN,0.0
NaN,8.128464232116057,NaN,0.0
NaN,8.13344172086043,NaN,0.0
NaN,8.138419209604802,NaN,0.0
NaN,8.143396698349175,NaN,0.0
NaN,8.148374187093546,NaN,0.0
NaN,8.15335167583792,NaN,0.0
NaN,8.158329164582291,NaN,0.0
NaN,8.163306653326662,NaN,0.0
NaN,8.168284142071036,NaN,0.0
NaN,8.173261630815407,NaN,0.0
NaN,8.17823911955978,NaN,0.0
NaN,8.183216608304152,NaN,0.0
NaN,8.188194097048525,NaN,0.0
NaN,8.193171585792896,NaN,0.0
NaN,8.198149074537268,NaN,0.0
NaN,8.203126563281641,NaN,0.0
NaN,8.208104052026012,NaN,0.0
NaN,8.213081540770386,NaN,0.0
NaN,8.218059029514757,NaN,0.0
NaN,8.22303651825913,NaN,0.0
NaN,8.228014007003502,NaN,0.0
NaN,8.232991495747873,NaN,0.0
NaN,8.237968984492246,NaN,0.0
NaN,8.242946473236618,NaN,0.0
NaN,8.247923961980991,NaN,0.0
NaN,8.252901450725362,NaN,0.0
NaN,8.257878939469736,NaN,0.0
NaN,8.262856428214107,NaN,0.0
NaN,8.267833916958478,NaN,0.0
NaN,8.272811405702852,NaN,0.0
NaN,8.277788894447223,NaN,0.0
NaN,8.282766383191596,NaN,0.0
NaN,8.287743871935968,NaN,0.0
NaN,8.292721360680341,NaN,0.0
NaN,8.297698849424712,NaN,0.0
NaN,8.302676338169084,NaN,0.0
NaN,8.307653826913457,NaN,0.0
NaN,8.312631315657828,NaN,0.0
NaN,8.317608804402202,NaN,0.0
NaN,8.322586293146573,NaN,0.0
NaN,8.327563781890946,NaN,0.0
NaN,8.332541270635318,NaN,0.0
NaN,8.33751875937969,NaN,0.0
NaN,8.342496248124062,NaN,0.0
NaN,8.347473736868434,NaN,0.0
NaN,8.352451225612807,NaN,0.0
NaN,8.357428714357178,NaN,0.0
NaN,8.362406203101552,NaN,0.0
NaN,8.367383691845923,NaN,0.0
NaN,8.372361180590294,NaN,0.0
NaN,8.377338669334668,NaN,0.0
NaN,8.382316158079039,NaN,0.0
NaN,8.387293646823412,NaN,0.0
NaN,8.392271135567784,NaN,0.0
NaN,8.397248624312157,NaN,0.0
NaN,8.402226113056528,NaN,0.0
NaN,8.4072036018009,NaN,0.0
NaN,8.412181090545273,NaN,0.0
NaN,8.417158579289644,NaN,0.0
NaN,8.422136068034018,NaN,0.0
NaN,8.427113556778389,NaN,0.0
NaN,8.432091045522762,NaN,0.0
NaN,8.437068534267134,NaN,0.0
NaN,8.442046023011505,NaN,0.0
NaN,8.447023511755878,NaN,0.0
NaN,8.45200100050025,NaN,0.0
NaN,8.456978489244623,NaN,0.0
NaN,8.461955977988994,NaN,0.0
NaN,8.466933466733368,NaN,0.0
NaN,8.471910955477739,NaN,0.0
NaN,8.47688844422211,NaN,0.0
NaN,8.481865932966484,NaN,0.0
NaN,8.486843421710855,NaN,0.0
NaN,8.491820910455228,NaN,0.0
NaN,8.4967983991996,NaN,0.0
NaN,8.501775887943971,NaN,0.0
NaN,8.506753376688344,NaN,0.0
NaN,8.511730865432716,NaN,0.0
NaN,8.516708354177089,NaN,0.0
NaN,8.52168584292146,NaN,0.0
NaN,8.526663331665834,NaN,0.0
NaN,8.531640820410205,NaN,0.0
NaN,8.536618309154576,NaN,0.0
NaN,8.54159579789895,NaN,0.0
NaN,8.546573286643321,NaN,0.0
NaN,8.551550775387694,NaN,0.0
NaN,8.556528264132066,NaN,0.0
NaN,8.561505752876439,NaN,0.0
NaN,8.56648324162081,NaN,0.0
NaN,8.571460730365182,NaN,0.0
NaN,8.576438219109555,NaN,0.0
NaN,8.581415707853926,NaN,0.0
NaN,8.5863931965983,NaN,0.0
NaN,8.591370685342671,NaN,0.0
NaN,8.596348174087044,NaN,0.0
NaN,8.601325662831416,NaN,0.0
NaN,8.606303151575787,NaN,0.0
NaN,8.61128064032016,NaN,0.0
NaN,8.616258129064532,NaN,0.0
NaN,8.621235617808905,NaN,0.0
NaN,8.626213106553276,NaN,0.0
NaN,8.63119059529765,NaN,0.0
NaN,8.636168084042021,NaN,0.0
NaN,8.641145572786392,NaN,0.0
NaN,8.646123061530766,NaN,0.0
NaN,8.651100550275137,NaN,0.0
NaN,8.65607803901951,NaN,0.0
NaN,8.661055527763882,NaN,0.0
NaN,8.666033016508255,NaN,0.0
NaN,8.671010505252626,NaN,0.0
NaN,8.675987993996998,NaN,0.0
NaN,8.680965482741371,NaN,0.0
NaN,8.685942971485742,NaN,0.0
NaN,8.690920460230116,NaN,0.0
NaN,8.695897948974487,NaN,0.0
NaN,8.70087543771886,NaN,0.0
NaN,8.705852926463232,NaN,0.0
NaN,8.710830415207603,NaN,0.0
NaN,8.715807903951976,NaN,0.0
NaN,8.720785392696348,NaN,0.0
NaN,8.72576288144072,NaN,0.0
NaN,8.730740370185092,NaN,0.0
NaN,8.735717858929466,NaN,0.0
NaN,8.740695347673837,NaN,0.0
NaN,8.745672836418208,NaN,0.0
NaN,8.750650325162582,NaN,0.0
NaN,8.755627813906953,NaN,0.0
NaN,8.760605302651326,NaN,0.0
NaN,8.765582791395698,NaN,0.0
NaN,8.77056028014007,NaN,0.0
NaN,8.775537768884442,NaN,0.0
NaN,8.780515257628814,NaN,0.0
NaN,8.785492746373187,NaN,0.0
NaN,8.790470235117558,NaN,0.0
NaN,8.795447723861932,NaN,0.0
NaN,8.800425212606303,NaN,0.0
NaN,8.805402701350676,NaN,0.0
NaN,8.810380190095048,NaN,0.0
NaN,8.815357678839419,NaN,0.0
NaN,8.820335167583792,NaN,0.0
NaN,8.825312656328164,NaN,0.0
NaN,8.830290145072537,NaN,0.0
NaN,8.835267633816908,NaN,0.0
NaN,8.840245122561281,NaN,0.0
NaN,8.845222611305653,NaN,0.0
NaN,8.850200100050024,NaN,0.0
NaN,8.855177588794398,NaN,0.0
NaN,8.860155077538769,NaN,0.0
NaN,8.865132566283142,NaN,0.0
NaN,8.870110055027514,NaN,0.0
NaN,8.875087543771887,NaN,0.0
NaN,8.880065032516258,NaN,0.0
NaN,8.88504252126063,NaN,0.0
NaN,8.890020010005003,NaN,0.0
NaN,8.894997498749374,NaN,0.0
NaN,8.899974987493747,NaN,0.0
NaN,8.904952476238119,NaN,0.0
NaN,8.909929964982492,NaN,0.0
NaN,8.914907453726864,NaN,0.0
NaN,8.919884942471235,NaN,0.0
NaN,8.924862431215608,NaN,0.0
NaN,8.92983991995998,NaN,0.0
NaN,8.934817408704353,NaN,0.0
NaN,8.939794897448724,NaN,0.0
NaN,8.944772386193096,NaN,0.0
NaN,8.949749874937469,NaN,0.0
NaN,8.95472736368184,NaN,0.0
NaN,8.959704852426214,NaN,0.0
NaN,8.964682341170585,NaN,0.0
NaN,8.969659829914958,NaN,0.0
NaN,8.97463731865933,NaN,0.0
NaN,8.979614807403701,NaN,0.0
NaN,8.984592296148074,NaN,0.0
NaN,8.989569784892446,NaN,0.0
NaN,8.994547273636819,NaN,0.0
NaN,8.99952476238119,NaN,0.0
NaN,9.004502251125563,NaN,0.0
NaN,9.009479739869935,NaN,0.0
NaN,9.014457228614306,NaN,0.0
NaN,9.01943471735868,NaN,0.0
NaN,9.024412206103051,NaN,0.0
NaN,9.029389694847424,NaN,0.0
NaN,9.034367183591796,NaN,0.0
NaN,9.039344672336169,NaN,0.0
NaN,9.04432216108054,NaN,0.0
NaN,9.049299649824912,NaN,0.0
NaN,9.054277138569285,NaN,0.0
NaN,9.059254627313656,NaN,0.0
NaN,9.06423211605803,NaN,0.0
NaN,9.069209604802401,NaN,0.0
NaN,9.074187093546774,NaN,0.0
NaN,9.079164582291146,NaN,0.0
NaN,9.084142071035517,NaN,0.0
NaN,9.08911955977989,NaN,0.0
NaN,9.094097048524262,NaN,0.0
NaN,9.099074537268635,NaN,0.0
NaN,9.104052026013006,NaN,0.0
NaN,9.10902951475738,NaN,0.0
NaN,9.11400700350175,NaN,0.0
NaN,9.118984492246122,NaN,0.0
NaN,9.123961980990495,NaN,0.0
NaN,9.128939469734867,NaN,0.0
NaN,9.13391695847924,NaN,0.0
NaN,9.138894447223612,NaN,0.0
NaN,9.143871935967985,NaN,0.0
NaN,9.148849424712356,NaN,0.0
NaN,9.153826913456728,NaN,0.0
NaN,9.1588044022011,NaN,0.0
NaN,9.163781890945472,NaN,0.0
NaN,9.168759379689845,NaN,0.0
NaN,9.173736868434217,NaN,0.0
NaN,9.17871435717859,NaN,0.0
NaN,9.183691845922962,NaN,0.0
NaN,9.188669334667333,NaN,0.0
NaN,9.193646823411706,NaN,0.0
NaN,9.198624312156078,NaN,0.0
NaN,9.20360180090045,NaN,0.0
NaN,9.208579289644822,NaN,0.0
NaN,9.213556778389195,NaN,0.0
NaN,9.218534267133567,NaN,0.0
NaN,9.223511755877938,NaN,0.0
NaN,9.228489244622311,NaN,0.0
NaN,9.233466733366683,NaN,0.0
NaN,9.238444222111056,NaN,0.0
NaN,9.243421710855428,NaN,0.0
NaN,9.2483991995998,NaN,0.0
NaN,9.253376688344172,NaN,0.0
NaN,9.258354177088544,NaN,0.0
NaN,9.263331665832917,NaN,0.0
NaN,9.268309154577288,NaN,0.0
NaN,9.273286643321661,NaN,0.0
NaN,9.278264132066033,NaN,0.0
NaN,9.283241620810406,NaN,0.0
NaN,9.288219109554777,NaN,0.0
NaN,9.293196598299149,NaN,0.0
NaN,9.298174087043522,NaN,0.0
NaN,9.303151575787894,NaN,0.0
NaN,9.308129064532267,NaN,0.0
NaN,9.313106553276638,NaN,0.0
NaN,9.318084042021011,NaN,0.0
NaN,9.323061530765383,NaN,0.0
NaN,9.328039019509754,NaN,0.0
NaN,9.333016508254127,NaN,0.0
NaN,9.337993996998499,NaN,0.0
NaN,9.342971485742872,NaN,0.0
NaN,9.347948974487243,NaN,0.0
NaN,9.352926463231617,NaN,0.0
NaN,9.357903951975988,NaN,0.0
NaN,9.36288144072036,NaN,0.0
NaN,9.367858929464733,NaN,0.0
NaN,9.372836418209104,NaN,0.0
NaN,9.377813906953477,NaN,0.0
NaN,9.382791395697849,NaN,0.0
NaN,9.38776888444222,NaN,0.0
NaN,9.392746373186593,NaN,0.0
NaN,9.397723861930965,NaN,0.0
NaN,9.402701350675338,NaN,0.0
NaN,9.40767883941971,NaN,0.0
NaN,9.412656328164083,NaN,0.0
NaN,9.417633816908454,NaN,0.0
NaN,9.422611305652826,NaN,0.0
NaN,9.427588794397199,NaN,0.0
NaN,9.43256628314157,NaN,0.0
NaN,9.437543771885943,NaN,0.0
NaN,9.442521260630315,NaN,0.0
NaN,9.447498749374688,NaN,0.0
NaN,9.45247623811906,NaN,0.0
NaN,9.45745372686343,NaN,0.0
NaN,9.462431215607804,NaN,0.0
NaN,9.467408704352176,NaN,0.0
NaN,9.472386193096549,NaN,0.0
NaN,9.47736368184092,NaN,0.0
NaN,9.482341170585293,NaN,0.0
NaN,9.487318659329665,NaN,0.0
NaN,9.492296148074036,NaN,0.0
NaN,9.49727363681841,NaN,0.0
NaN,9.50225112556278,NaN,0.0
NaN,9.507228614307154,NaN,0.0
NaN,9.512206103051525,NaN,0.0
NaN,9.517183591795899,NaN,0.0
NaN,9.52216108054027,NaN,0.0
NaN,9.527138569284642,NaN,0.0
NaN,9.532116058029015,NaN,0.0
NaN,9.537093546773386,NaN,0.0
NaN,9.54207103551776,NaN,0.0
NaN,9.54704852426213,NaN,0.0
NaN,9.552026013006504,NaN,0.0
NaN,9.557003501750875,NaN,0.0
NaN,9.561980990495247,NaN,0.0
NaN,9.56695847923962,NaN,0.0
NaN,9.571935967983991,NaN,0.0
NaN,9.576913456728365,NaN,0.0
NaN,9.581890945472736,NaN,0.0
NaN,9.58686843421711,NaN,0.0
NaN,9.59184592296148,NaN,0.0
NaN,9.596823411705852,NaN,0.0
NaN,9.601800900450225,NaN,0.0
NaN,9.606778389194597,NaN,0.0
NaN,9.61175587793897,NaN,0.0
NaN,9.616733366683341,NaN,0.0
NaN,9.621710855427715,NaN,0.0
NaN,9.626688344172086,NaN,0.0
NaN,9.631665832916458,NaN,0.0
NaN,9.63664332166083,NaN,0.0
NaN,9.641620810405202,NaN,0.0
NaN,9.646598299149575,NaN,0.0
NaN,9.651575787893947,NaN,0.0
NaN,9.65655327663832,NaN,0.0
NaN,9.661530765382691,NaN,0.0
NaN,9.666508254127063,NaN,0.0
NaN,9.671485742871436,NaN,0.0
NaN,9.676463231615807,NaN,0.0
NaN,9.68144072036018,NaN,0.0
NaN,9.686418209104552,NaN,0.0
NaN,9.691395697848925,NaN,0.0
NaN,9.696373186593297,NaN,0.0
NaN,9.701350675337668,NaN,0.0
NaN,9.706328164082041,NaN,0.0
NaN,9.711305652826413,NaN,0.0
NaN,9.716283141570786,NaN,0.0
NaN,9.721260630315157,NaN,0.0
NaN,9.72623811905953,NaN,0.0
NaN,9.731215607803902,NaN,0.0
NaN,9.736193096548273,NaN,0.0
NaN,9.741170585292647,NaN,0.0
NaN,9.746148074037018,NaN,0.0
NaN,9.751125562781391,NaN,0.0
NaN,9.756103051525763,NaN,0.0
NaN,9.761080540270136,NaN,0.0
NaN,9.766058029014507,NaN,0.0
NaN,9.771035517758879,NaN,0.0
NaN,9.776013006503252,NaN,0.0
NaN,9.780990495247623,NaN,0.0
NaN,9.785967983991997,NaN,0.0
NaN,9.790945472736368,NaN,0.0
NaN,9.79592296148074,NaN,0.0
NaN,9.800900450225113,NaN,0.0
NaN,9.805877938969484,NaN,0.0
NaN,9.810855427713857,NaN,0.0
NaN,9.815832916458229,NaN,0.0
NaN,9.820810405202602,NaN,0.0
NaN,9.825787893946973,NaN,0.0
NaN,9.830765382691345,NaN,0.0
NaN,9.835742871435718,NaN,0.0
NaN,9.84072036018009,NaN,0.0
NaN,9.845697848924463,NaN,0.0
NaN,9.850675337668834,NaN,0.0
NaN,9.855652826413207,NaN,0.0
NaN,9.860630315157579,NaN,0.0
NaN,9.86560780390195,NaN,0.0
NaN,9.870585292646323,NaN,0.0
NaN,9.875562781390695,NaN,0.0
NaN,9.880540270135068,NaN,0.0
NaN,9.88551775887944,NaN,0.0
NaN,9.890495247623813,NaN,0.0
NaN,9.895472736368184,NaN,0.0
NaN,9.900450225112555,NaN,0.0
NaN,9.905427713856929,NaN,0.0
NaN,9.9104052026013,NaN,0.0
NaN,9.915382691345673,NaN,0.0
NaN,9.920360180090045,NaN,0.0
NaN,9.925337668834418,NaN,0.0
NaN,9.93031515757879,NaN,0.0
NaN,9.93529264632316,NaN,0.0
NaN,9.940270135067534,NaN,0.0
NaN,9.945247623811905,NaN,0.0
NaN,9.950225112556279,NaN,0.0
NaN,9.95520260130065,NaN,0.0
NaN,9.960180090045023,NaN,0.0
NaN,9.965157578789395,NaN,0.0
NaN,9.970135067533766,NaN,0.0
NaN,9.97511255627814,NaN,0.0
NaN,9.98009004502251,NaN,0.0
NaN,9.985067533766884,NaN,0.0
NaN,9.990045022511255,NaN,0.0
NaN,9.995022511255629,NaN,0.0
NaN,10.0,NaN,0.0
